;S_times;d_dates;groups;p_times;r_dates
0;118.73734695869253;243611.9451121191;12;184.21277160906777;239427.68636352185
1;27.904368042653086;229905.42306464296;29;68.40041826480814;200207.37840665036
2;139.32902662004594;173007.77721253686;29;339.33250961387273;61724.361620945456
3;72.73119077794698;149850.17936782842;29;200.96889679661828;81098.17541628511
4;10.460211053608996;171873.79732176568;25;40.30997040764774;10728.075152773808
5;124.50009393534172;173286.6223702187;12;385.2207779426757;134881.3137080591
6;115.33932492122383;169807.66892836042;47;401.34031511468146;155903.13342585257
7;47.145355820739006;246221.62450074928;45;147.89117554589137;96054.31487116021
8;236.23985104603608;160892.33005877264;49;429.29839565724694;98809.84056790602
9;151.36087034812053;161064.4170879866;76;433.9277151838611;7261.714055266876
10;120.85829595929665;230241.20982175157;19;176.15141897543802;31429.160417697858
11;151.4096001189761;142620.79633283004;72;203.59021751147554;9985.349372805507
12;109.24953356625375;223672.57297915383;8;248.36094881534342;219828.05377172818
13;139.40090419297343;118235.14095352773;33;239.89860323136642;73627.78108647847
14;112.60156730305746;172675.59705239127;76;204.84365069594708;119844.48984908468
15;206.10913064955918;134776.0209191724;36;418.55689464430355;55689.12966619134
16;79.64811043429486;145230.01610407972;66;168.1229307899995;68795.83010244856
17;118.70788098736199;143826.75357411645;36;218.89919042233075;76509.37394718755
18;227.68143628348824;153787.13094265992;79;327.6199868331734;27204.79200391823
19;155.2945036736914;215567.74543037044;58;430.5393717960232;151512.68350828937
20;107.02766136949221;223590.93527498306;78;272.44049432103816;77795.68317424897
21;237.10252993364963;181562.28197040787;45;372.6937664466767;106696.43695269435
22;223.25334262016256;244787.55220187415;16;446.42099401921547;120468.3386252442
23;266.46973655667165;132022.96019019955;25;434.0800288898597;95158.66199731044
24;173.19096918047666;212116.04398261162;11;235.80789868830388;206141.3791733915
25;84.92907576006881;138606.1349457536;54;142.22319243994286;59771.59000862301
26;0.9146322284389132;163799.01512890556;71;3.5428513111676136;146052.7149060304
27;59.450608842009466;239093.90863028288;61;133.211745446163;67986.1398819904
28;97.76360430335939;235693.8279619149;4;321.1756980502401;70362.12874927039
29;144.07628222922423;207350.85552599397;64;202.3356517932153;12860.276799403093
30;170.86503744047144;198885.55409498338;1;264.26510028804654;172836.7800408286
31;195.35879625889606;249931.21163129323;64;409.989618071364;140301.124229296
32;35.34816649500374;199698.62034802078;4;72.41401233091581;39741.81611979469
33;68.38608032848079;185313.57201742416;58;178.47249957372787;106360.83332565718
34;9.863753643063541;165629.9972176712;12;33.10780504279255;94763.04666439092
35;289.13106097723505;158583.74374802483;73;440.016454562087;156775.14472040982
36;22.297572774397977;230890.74042885442;4;52.03111077684191;31516.322913147746
37;111.73699690887278;127862.95388053426;40;446.7336462298868;81285.55231062784
38;240.78039626239314;225759.7575293854;65;413.8862418592098;195220.33520147143
39;180.17367461693013;234758.56604587584;35;240.3832347876707;208823.5482800524
40;268.4705752576019;156977.45463904363;38;460.49218789015407;139282.60505077196
41;248.97298220849754;216255.10527183497;35;415.3816335654219;164127.30061526067
42;154.62531522940125;198777.89472050435;30;388.8707434875831;113401.5314307451
43;46.26443251547361;221066.32054048294;37;102.14102119039339;141480.4122088285
44;96.70531412431914;145061.31037493033;72;222.67611247066202;36150.9701460291
45;71.97508747828724;126163.5410917624;18;118.87258464001548;61298.594246538174
46;48.15053400644397;140894.0862390317;11;114.68728230721464;112591.94588520558
47;52.71659800861873;144369.1036342717;57;106.41896552464685;30668.108693533195
48;18.596204909857715;179149.2342976809;21;71.92083050477711;167472.59389787383
49;20.28355887159274;115674.3258208288;68;49.5593247357094;106584.62725418119
50;273.45778725211557;185630.25057178392;62;375.7163446413297;141776.61201663196
51;146.75419889065458;242291.60955729426;41;293.54299505806745;183917.11586508926
52;24.400645684248943;180988.07207491703;5;44.95467691367787;158306.74683773782
53;207.13427385868573;136137.80278112102;27;415.20013808580114;121558.22653703707
54;146.55805903843347;202648.4875391308;38;233.69538969134823;69227.70962375209
55;185.11223168539922;183781.3678780694;48;486.47962776039793;25044.676222173945
56;200.37238941075884;239988.12693267455;77;491.3079284398131;205639.81183844354
57;224.55434660377597;119592.28922010915;76;350.92474940814367;1629.761461911267
58;11.355048408267251;139067.72211407896;71;18.573844851080892;6601.855683846289
59;164.91196821430233;225627.22651983256;29;235.64812534008567;81364.46248898603
60;40.065412728260675;203284.93058223813;11;139.64204635539448;109581.78072179039
61;228.39356636578816;205669.22220800165;19;311.9201057440965;21205.874818022538
62;92.5623896667377;152849.42498074274;20;127.3631031000996;29905.713586598533
63;136.76804172476454;227372.83333263246;21;370.2656520508373;169167.86625486202
64;27.648631822488802;216326.8545421727;13;90.83712163422176;127302.10927840968
65;109.56297559174388;182272.32519715495;12;432.1885169282206;76406.19186603281
66;15.59909889333396;180120.02324732047;66;27.523665381023825;66795.50937711206
67;95.0038711537698;245116.6024579481;31;158.3230379919712;167983.73850909423
68;224.50562920577576;175983.42924245502;55;492.25721240921905;139344.31077572858
69;324.19222162734445;248730.83593573322;43;465.9697628381634;25401.632425787906
70;161.15729362662532;131125.23671348285;51;319.5715468793536;7646.241291804169
71;179.4824792042448;168800.83491364145;41;298.3788889660525;166126.35750149208
72;325.36020140902485;245384.81622709436;39;490.45213602486604;132277.06380178285
73;99.22764230163102;119042.56704700131;44;336.1153361018395;9052.316072504751
74;36.79868143253541;201769.1488885099;23;117.64236840933995;33458.53065146616
75;199.83592808499475;145039.42438508762;13;481.67294110211037;97049.97649524616
76;32.46802620868566;246280.1768632314;12;115.97528921377584;81863.52625915706
77;92.55493931219982;200666.06138025312;68;301.6394587006787;195917.1857009064
78;30.740259243828984;224594.4797221701;60;52.82300151964411;191973.2381276007
79;24.16023752138852;229407.78129875616;61;54.86920161675784;62931.855618734015
80;68.20934964703757;148790.1453464267;44;212.68831258527564;79361.92277916292
81;1.6302590190448703;151728.5863581611;78;3.0676395824233653;86127.77454546344
82;153.3999401023095;173649.52718303556;31;230.36704239736764;154890.36385547413
83;219.97076915732876;227724.4677076602;10;384.14597622501304;148707.11864967755
84;55.43049079408454;188283.11557879834;72;74.72472600840734;154650.04220989044
85;28.104412130149395;205769.35382898597;35;40.27353218454093;124537.83884925056
86;187.442695190282;149276.32594889455;69;271.63866583147507;126854.5538237284
87;23.266382801042038;241956.69147944328;70;88.71550310077339;108381.21378452238
88;58.45900315679966;159923.94024526715;63;104.27964816517814;70917.6489197558
89;236.52293369236145;209944.7522874723;6;486.08265476305576;92612.46901992892
90;145.87783841084797;131456.60388786983;23;206.5313497738323;22075.37598380581
91;7.849224325493141;120357.78019712587;53;11.761617260097108;69280.4545326372
92;102.51239993801111;136581.44041385013;27;212.15879544857293;67707.64272426775
93;154.8505997238694;122424.39932150778;40;209.5780007717021;61326.54192762144
94;319.0710349694788;117265.90907343249;50;427.90706871178463;83906.4492075916
95;58.366065392650704;204897.17580459727;1;174.17527689964282;119113.10658822684
96;102.80425297170261;144466.62945250864;2;232.9919539868316;3040.266044673251
97;20.90511124002703;193178.23999456578;54;31.829179754044667;121769.93301173176
98;60.622843486873705;202552.87415618243;27;209.55712523149822;46585.0228207947
99;147.20591302187188;250520.38097907463;77;355.2852401422898;246678.56087826798
100;138.90594361147896;170126.1676921829;24;429.8998778242429;64838.827843010855
101;49.08367463908513;194865.7314495528;62;173.1087668421044;89963.75961501338
102;183.8419108098461;192531.84929484862;4;442.6039672056811;31919.417491659977
103;73.28492439986493;212999.4288463595;75;160.4386233680061;96808.63356206265
104;116.97477815889673;173104.249822683;63;446.41575484195397;43781.65898401972
105;286.63928296449353;234723.4394387923;31;397.02115412022636;221001.041898345
106;180.78826151969903;124177.29279728976;76;439.9631445101163;9848.387352713838
107;258.99368925469383;149526.99174119503;62;457.76245011554687;97810.97193661345
108;205.9942100627099;138667.75522110736;60;377.91607186835654;27974.183899836782
109;191.86044247295064;176278.17889366427;21;474.82040211190827;92270.53531886086
110;65.97099509286298;128031.1553557989;22;105.43314447036613;17450.735611866425
111;9.862967535284543;120176.07621023551;35;26.979111854615102;75487.34197516958
112;13.020117831864194;235285.566895521;31;31.05647449373213;48636.504378049394
113;85.72857495172228;224590.01518873742;57;123.9978540333427;123748.22444647492
114;117.61037347873835;194557.52755977164;79;244.59630808682184;72205.53180563351
115;128.01491533252073;131893.2754049455;40;294.8623403892422;115727.03548280282
116;178.72946066976425;123955.8766214709;6;415.08275129487976;101938.04460922057
117;194.30525194582077;158316.48148224852;42;480.1139877329196;71523.84434846314
118;76.12764575246491;130228.87716440245;31;296.8039797130237;66813.98359090737
119;195.08564541259682;178373.95472070144;10;307.8239787907041;67681.00192969579
120;17.964956777972525;223709.0402307987;61;70.25700995979912;13759.618458070114
121;45.21326658766734;161594.8877747513;9;69.11182464129747;136428.93008410398
122;14.447468091392494;180724.17438656325;63;32.07164959324298;93353.25282450471
123;303.6372183727096;124578.64151057121;58;479.8756532552573;44511.7492939098
124;1.4983276195468571;147353.46513127338;0;2.2804871464235195;29104.261969123207
125;73.708031195273;222644.2820523774;77;142.14848081592754;6001.296048457522
126;18.621651003660247;123584.68832614031;6;28.338772455416386;67333.11979703979
127;81.72947428471173;186344.18410378663;0;199.29307318237778;72235.5938942577
128;27.111310196260256;167310.31391025215;40;102.33115248295032;147490.83242243607
129;162.76112629090582;132851.19013747282;79;244.82845820129717;86143.2074886905
130;293.04716431614014;216030.61112514898;75;425.98393406426084;108670.95748627535
131;185.80108884475342;188034.70325481944;47;369.53804525522156;35438.671030890015
132;192.258976334648;227500.83377562632;61;402.23027003654346;205002.9721169926
133;184.167872250768;130758.1723503209;38;459.81017263729217;20556.808144950173
134;15.432620824653728;221516.81654696015;37;36.15559462457658;8051.976947304384
135;106.33004179655497;140807.22723184078;59;171.84509713877412;50663.00662243503
136;130.69826759261045;119090.46603922437;63;257.8099501473589;15892.201657579208
137;45.86504243234755;232559.27554996428;71;166.8143268065567;55924.12028574316
138;312.86106741667567;252711.76024149713;16;435.42034229190807;35892.32683875821
139;140.17877486168553;134601.81541732984;26;270.70486324642;7319.216055498274
140;82.10207427786094;243784.31142269162;36;171.19646871534874;77479.97166216544
141;16.891492194743535;191585.04117162392;60;56.756084252532794;82952.24935883732
142;105.17966589707856;172839.31626607612;64;161.68951625148327;141356.1612479849
143;325.9210933043417;216857.8680171097;19;465.82441806453824;77860.28344712761
144;14.131941018961355;170461.42050904725;68;34.42691309101642;57620.4363754825
145;58.80146374793949;177309.5391832213;29;162.84701554680285;108159.89965916284
146;202.2389579343463;190366.0584476618;66;463.5202049605197;53623.14835461147
147;158.56741552177158;168103.64787197622;62;466.56889631561137;30414.106749731272
148;80.05844433275041;138117.5669714494;35;193.5464106502866;18890.133139022484
149;152.5563904583737;244901.70738778362;34;278.94418621836553;24689.154374347338
150;46.378334570487624;243017.72950660618;62;152.11742693844465;208896.19029029587
151;245.83552489521517;142051.818048389;20;383.3532338550088;79157.85524983682
152;149.32061254356583;126779.25603497075;11;241.86976430141573;95827.70174625628
153;207.67746706971357;127707.12084869618;59;425.91285663344235;120048.01527806568
154;300.28455519539204;186223.20969006707;3;410.9420039376737;116217.24861147752
155;141.9596187877435;132709.13501968302;21;232.32615846664322;47793.59972191516
156;27.7154023336221;234295.0068778382;69;76.7976340092078;82776.02950870573
157;161.62751235140797;121167.57577946123;66;456.9172563362799;17089.978383459205
158;91.98408645032987;182869.21224521333;2;214.91843659200595;36797.64073971408
159;137.6173772371462;245639.3642230371;46;375.2807175803232;117704.75850571682
160;26.080853097308974;169161.17827522292;73;76.05879333603559;67521.98691125568
161;181.18691816498875;212565.41049765056;75;419.9835548572031;36832.352448069745
162;206.76342624697898;157557.9609699361;21;478.65730926000464;144308.11751619694
163;115.7886842644051;181055.6689888037;33;353.0115490063413;96580.92072028086
164;184.5115593327174;160781.98187324297;69;288.21613770252566;133223.3822435348
165;40.66087543605673;212904.802337702;73;96.02909228024191;65572.70035984014
166;25.834627777952726;121923.90534727211;49;36.73190024996323;46037.96712795891
167;211.71814119949752;187733.6447599008;19;385.81825669708587;163078.84320827073
168;198.27119195346035;149283.06809199337;69;303.5198991727443;85026.16661999054
169;17.575812242035923;182894.0975896469;47;69.47069906222151;109104.13985559609
170;92.28695006110006;159878.9571496525;73;245.5817278590541;117654.90503728458
171;88.2358459390715;221733.6991356709;2;147.67385742315972;24028.65511699422
172;58.79936144242641;150466.32714313274;12;210.20408982504523;5017.627808539258
173;103.57310581227263;138496.9337486933;44;297.5231172342697;97825.4349172299
174;81.73457338871721;204106.04975673702;18;274.6899087535354;134091.12758315253
175;42.79764397543694;233495.36973956804;69;79.14942517794843;87611.21153466374
176;94.17278597803622;243296.70224980818;24;369.55847730077465;141816.8556604533
177;33.41055446183873;216251.30916805397;3;107.29341314485735;61074.68406930424
178;107.58592327181357;141112.41678416403;55;345.39827373509627;72803.08902883256
179;129.1090108227948;177382.5549746812;29;190.03709082669658;84658.70398805758
180;113.04189915778139;209340.80708402325;65;203.315312531509;105015.40431943134
181;185.78421314801656;247822.75347842718;64;327.3837299563897;4258.261048574586
182;130.91482969868062;115650.81131507672;62;302.23046244332266;23123.53358029949
183;44.1685070053493;211770.1174700165;37;65.33248736247883;71078.57737004201
184;237.11324326180295;236310.71909269597;69;391.99731352935305;182403.5504127076
185;11.81381297924442;127830.07878961875;18;39.976365984935576;53857.78778392027
186;40.21714490020578;195818.37686104167;16;65.6127465878559;125867.72590210168
187;81.91625295963415;124558.21152961349;69;310.0664553778945;98905.93294409759
188;173.3326923022453;176072.0615901309;73;310.1185215549082;16680.397934694825
189;28.379581026779135;156520.54876098418;40;44.780983252148076;136164.28080985896
190;22.709747446633806;240283.6106657359;5;76.96220095266652;194796.10623119902
191;11.192070221626496;141814.9565937562;77;31.377103130653673;122507.14454762475
192;97.85575562228973;228916.99994563274;52;150.9489377489211;196801.75336436924
193;158.72843339841216;194328.34700430595;48;330.09632881005336;15085.192398368155
194;38.12940249533959;195883.29622284663;24;140.95116062600454;182740.49568318145
195;210.69571377666279;125937.39271406998;70;445.78320907878015;79016.15881166943
196;308.0972284592321;140110.42337497353;72;448.4436945525688;129986.59397306656
197;65.81612834352904;209792.0383611426;70;232.02452144534396;33101.88042315252
198;19.61103525749588;199269.66171853826;16;47.493542722085124;21507.47362114742
199;48.28185627357941;160250.04002917986;70;70.20134205164427;147382.61364662237
200;3.469122150634332;144928.42401557992;8;8.95316256686017;30448.87685751423
201;33.70653869539134;131639.06621463125;3;66.10505873898528;54198.40109547208
202;77.86426855433136;171804.34587404685;40;239.17944423314813;83741.0037965165
203;150.98013540591637;115401.99637201765;16;281.88616651962843;1255.3116497543906
204;93.85273396207485;140989.03793009126;33;300.48761774688376;119591.0790224778
205;81.26478744808773;153217.73446394422;63;259.53610978191426;148203.93284261317
206;164.6102114674927;135161.91231819126;56;258.22917121363656;50020.069429815514
207;196.88759792679508;237881.06964453723;73;402.70243200047776;219102.28279177466
208;86.40866115496763;159470.17806109102;54;166.5250260573774;105279.61561117742
209;195.54811669742514;158155.3929578072;38;325.90866732343073;53179.71968055577
210;9.268613683562508;189651.5454966037;6;14.454183681096922;2399.4999168992053
211;324.22808584195474;142289.92980701226;73;461.8385525834498;95186.97652425447
212;158.6000074594811;126918.33033191478;78;286.5856264971219;4274.425463750195
213;4.893074672680212;160610.41407361376;72;19.376234459050828;140775.76406457124
214;19.308955511769803;215013.4919899241;64;54.905585282512064;181264.57636930983
215;95.05577961982404;151474.0709495319;7;320.2354700431959;145156.19954859937
216;95.52500511680378;242009.9942394513;42;182.6289909712588;67237.09202953074
217;221.8092948819867;227882.01308061706;35;432.26101268019096;155631.59218330003
218;38.172949938913355;116448.03914822724;72;64.34073980306724;81443.71981470307
219;37.87821255917012;206574.99647655495;27;56.7795706255908;14848.337878209932
220;129.66924331326166;154689.65413857653;21;232.32667661457373;100800.71183896654
221;136.2012176190356;135116.48678315623;41;418.9665193453779;102842.61112491635
222;151.27117935667292;210905.98293514416;63;228.65366778723163;48265.15272986196
223;231.18903128966375;237293.7970783186;68;335.85707755087367;58924.892290116404
224;223.26851878060518;229782.26370966193;26;450.33615866401243;213734.3716043038
225;147.610401552167;126636.2078607647;8;235.13988917161896;17535.40768365541
226;176.34537211069602;236075.8144726503;32;241.1294547164696;145810.74781422672
227;128.1350697579705;247790.3335843191;12;377.8341198767266;120024.63041123001
228;2.413530515973314;160136.95300925928;3;4.191954839641896;120398.07311630345
229;10.349261247493805;177152.27512005647;65;21.35343347363836;72730.06678952077
230;24.254398641147805;182247.72990468453;61;58.39134156624613;45869.519706923624
231;142.6621193883775;175029.50481173643;74;275.43020266876687;61803.942607284254
232;171.32153407731235;186972.79094401802;55;253.8401572732707;105381.4142989152
233;126.24017896699978;159698.94998276152;64;417.57416570460276;15638.169942555485
234;84.74104948634557;140988.06379510474;9;304.5884475665732;15671.02545367573
235;7.119128609667454;164277.84513436907;60;20.171040173781158;130648.89570035547
236;108.38419885256657;190487.6188953956;27;144.9974240036082;142361.58611226614
237;164.6296484492182;177852.82902704;2;270.34183728703414;132842.23262109872
238;112.43997509966937;204907.83162961894;31;257.83861814280897;117156.39630515045
239;170.3026197039676;135877.28722410003;48;232.47265297995426;114026.7626547834
240;77.31089822710051;184225.3941632107;15;168.22228460897384;80940.42249857378
241;9.848588077502402;196659.10949241242;50;24.001184347829838;191033.66466702666
242;110.49115829481168;153967.73718078688;54;286.52611755765713;41191.787597649454
243;33.074864458013;164864.38233878175;66;87.82879886281926;122045.26813720388
244;15.138593670104651;190495.65694969444;53;48.37221323024326;85664.86954300127
245;231.06877104256745;194704.73409537505;55;486.54080661913855;87462.06841636682
246;40.01875210040088;204192.0898380301;33;74.43966049204354;137110.00908285257
247;152.67593656920522;178945.4005444211;54;206.30629938811458;55128.962131029744
248;185.2341748657006;128342.55210261051;41;305.9538801404797;40873.882702426556
249;157.4164977224129;175827.61034546606;27;250.22056420713034;147327.38174631257
250;127.27774443251448;200079.43178843465;56;174.92906034366473;1732.3021176687257
251;77.54699597141595;150112.01321522103;56;108.48022854312129;53965.324411482565
252;179.5268316041951;214667.1641642648;13;325.8711067686963;4082.577654011703
253;50.48100062977416;160522.92057939246;10;67.97203298230505;81206.02091700968
254;145.55685177855239;212472.20594498137;12;378.7395396706463;92128.05997085513
255;76.00584835312186;162005.94498134905;40;170.2316824567785;118344.21322275093
256;40.37353560698979;149127.38373289272;60;128.19212484136068;116126.86100600782
257;31.702888575328526;240767.56367292587;30;101.8727712304439;134723.04798403167
258;100.78692449568966;224120.23870712373;54;265.1800288748143;61380.469828475536
259;155.95717615310068;178940.33538438028;9;318.60047198396114;148142.87577964456
260;68.21970029809054;135731.54506840368;70;137.8542817130106;124151.8617983657
261;8.793219473286257;203097.676167058;36;26.936123229787704;141207.47129453035
262;71.41155596556783;249433.12677753647;25;98.83030008832021;240902.76143647393
263;74.71807399098577;204855.92296886427;45;202.9372942337772;139678.74890893488
264;79.44309020575788;185904.4044378408;68;310.7316146384962;172196.90820343135
265;98.00639937718364;150421.30471486523;78;361.3387719853429;93715.81511996193
266;26.038871418872066;187184.7091177096;42;41.2375664102094;114627.08988422746
267;222.97904645573576;242797.27362610545;0;373.8936738658702;217845.59064384
268;6.453097328523249;237248.33226395136;45;9.352766532781155;144664.56455958364
269;197.49510503240387;144514.59700955087;1;408.8926382318992;138181.66236497648
270;64.07188183912872;156129.47034996253;45;117.45238609999991;89362.26494579772
271;161.3478177641999;115547.09769133391;63;409.2057060453178;44381.1762339404
272;168.6939512072967;133376.4031071253;62;454.48120683795486;28403.92677186022
273;55.26519504014847;236474.15708604138;60;83.58001270846937;88631.27153506716
274;33.91734276643547;158653.74203005416;33;70.97281376780084;77402.34211633111
275;44.80202476065927;142321.07039819442;28;146.8413363409889;78440.03373072286
276;16.60161984470817;192250.50644613092;69;29.388197229130874;165210.0919671665
277;221.0153587985356;128226.13192749617;29;481.6475429180816;33736.38353116179
278;106.17194897799473;252050.78334873036;9;306.2529826946061;41361.02946931138
279;84.74734308268894;242577.83194787183;10;113.50301615014077;188458.0910818377
280;151.97551030022376;235755.03736777016;66;317.9128878638756;53223.97204218201
281;17.403246781980553;211161.828747821;57;26.218120121059012;34840.22374176161
282;202.2121009338409;229756.7890314672;54;312.5177120932484;136634.853297103
283;225.12637060614284;197745.25541763115;65;339.9426958646779;52426.271361989675
284;114.93230473719431;120286.42384438113;27;216.14865842239365;11134.335152248905
285;87.00035261455047;154233.36959248796;57;179.0621900741297;26036.421998468526
286;110.13657457498621;227031.7524604001;70;427.49292176529605;186627.1142629451
287;325.5039488284675;140681.25209861388;70;434.0169247749959;84624.85064208234
288;217.51851839454105;177620.24820411258;55;345.12264411652905;93059.67634982613
289;224.52645104029696;231153.6757613493;19;411.480799787883;147514.2641318019
290;255.76370448898928;233403.8573821396;38;492.32749413774815;123945.67590579043
291;264.1664613988529;248167.31384245108;3;397.30390257484294;113180.1719981605
292;12.876292003575132;231928.25977692986;20;27.673289639985985;1204.0139836041988
293;111.43140126635797;212353.82129817898;6;237.92627031058177;85658.83260378562
294;126.51829334691546;162794.94641002346;14;284.2327472432563;33255.83497796298
295;183.90555506660283;138849.33038464742;19;442.0120316983531;95800.31219454006
296;175.2300591134617;176027.9623784145;49;366.1494763763717;131030.55048741165
297;86.890477592924;215124.3670910988;57;289.1687867719097;34403.09782996356
298;25.068531976859102;170680.45880643127;44;37.11679552075243;160053.85409942656
299;46.4004367789994;202758.64312328023;8;70.17182930345345;101070.24263318407
300;36.45997060629843;197180.0702638953;61;104.47534589366941;60677.58105776916
301;40.797946234773825;162505.77098225537;34;130.7695810277188;106599.1735531501
302;82.26813158996346;248042.68527335342;47;216.27437565954077;241064.65183874615
303;194.56367465194054;176741.57139394098;48;271.9099835986266;91014.71894233013
304;57.39606084675832;127129.05212684919;72;106.98182898310107;77085.7413662009
305;77.59173006573153;128986.51324629309;75;112.69847645834132;91565.5586977107
306;200.99577899742684;175170.43263495143;53;491.9711899487713;115856.31224252684
307;53.42946521274448;230577.68192422442;14;87.27164194860696;16477.10448179286
308;223.22656777011332;139489.1796091015;13;416.0808851244369;121568.04947492575
309;7.451841281111687;243261.63720684362;46;24.62707770226391;200099.29155999311
310;38.64273701623987;192575.02530519303;13;116.65724934762991;35142.645913199805
311;60.5489959934361;187113.8689051802;79;133.465034157446;129924.88624783566
312;158.7529037348636;149164.32097869247;0;367.97878198988093;7142.28553113354
313;59.940631358484964;242815.73085705156;15;223.7460512938596;78510.96893399308
314;53.17664495011196;188462.61340248812;59;86.27368082555691;9691.0793776774
315;60.08149910346843;227367.91566325197;25;144.80686793225894;80534.68726658678
316;79.05223771859005;203377.93668310074;62;245.33486707025256;173613.7524237327
317;321.73206484906115;211578.19247810263;1;469.9408022532453;205203.51587801744
318;78.27322200842123;200412.0252786554;68;142.29366399559112;73062.93604859746
319;52.215118727319314;206520.97578452807;68;184.87597083239345;50147.69859320385
320;73.26527343909457;190866.08709244852;66;250.60284050738076;136839.68300707606
321;99.29305045302944;166202.8659655295;65;213.25889669888738;112733.75695060374
322;166.11689803600436;249137.6036368452;62;431.57614845710344;27084.658111528133
323;206.35969451633272;212513.4835845198;79;465.074049208639;123876.83346967532
324;335.6055457222334;186234.0438253539;22;479.3922380935612;19158.997612709732
325;110.02125942697575;244870.71864561172;24;225.85486823860828;153193.976967994
326;255.48339670360141;195000.480930461;70;415.661984151519;31976.31514597398
327;104.96265242211264;127573.10179204778;0;361.66913957710045;69492.67112605258
328;166.72258979573093;132089.8695128126;62;421.3811520983617;59903.01338548278
329;191.07705881313615;218586.1351748717;3;369.4449635787449;139537.720022437
330;182.4245438375187;180405.92679730646;51;402.6170786907606;43395.33036937842
331;142.71757072684977;193583.42096599538;1;247.5014027797797;83605.81723817738
332;62.59151580910239;176834.46072054713;16;186.76516678850922;49226.729443172306
333;33.56301835280627;159710.34410366256;21;111.26454026946826;29568.55063628535
334;24.758308373580267;148086.6667308365;24;98.43512221699802;144681.431465968
335;94.24469623952773;122665.43218391846;59;205.63293137250687;99463.58504641788
336;112.80704127991437;177715.7926651369;28;396.7185899256314;5062.311383876194
337;126.4381562649291;236426.5287538764;48;495.8088188984001;213363.57504575478
338;25.130600118859665;231606.7525678065;48;45.3203729569816;210568.38624138496
339;96.44592046304224;233295.3222552244;10;208.2028567651309;99681.6718319548
340;157.73126183506736;167007.3373870603;34;321.8517647236068;49660.838379377245
341;182.50073869263034;219986.21822915657;61;309.2994203125987;130347.35082819988
342;314.14171120422776;231609.54927580582;76;448.98532005405104;83388.63948295233
343;139.6344622311352;121022.71860155484;47;469.8995821859884;17558.155097842337
344;96.33995873222696;158869.1591533245;60;161.68464050138144;140334.17643681736
345;103.38028638419215;207877.17011379183;10;409.8166790794326;186525.1710738212
346;231.60197672538226;155158.5689686954;28;340.19450774203904;143605.41197399655
347;19.834907551440708;135280.4781847041;5;56.668994468945094;42948.52214871521
348;22.433768886547885;180424.74617702968;73;58.23169117024622;477.8516705450044
349;142.8193627708775;249287.90467380063;46;291.27297225234037;155598.12848967433
350;51.31005405281217;189629.6088559598;67;191.93748825606917;179616.19624364955
351;172.64118384982325;175397.3867335502;25;231.01606487648016;158961.35764715675
352;183.81583523048593;245048.71379335073;41;272.245669032672;51380.57151200368
353;3.39045982579623;189716.54415166168;33;6.79558987918209;100169.87905898965
354;121.75104469550742;205797.422482004;76;254.8936262280639;144242.65953163698
355;81.55587027120916;214856.6391556792;43;319.455572564664;51.49278523795823
356;89.91929889213255;128565.60771000477;38;208.39507886128897;88614.86277019695
357;260.3947691216464;184159.97882796283;2;374.3522240436812;41233.4781588249
358;295.437419006068;115368.90785693408;21;426.33927582367335;2784.7948604130765
359;21.2182276045231;174978.41157654274;1;68.4142158786055;159488.24428309296
360;95.58019647536075;240588.5847555137;77;170.79938436470172;87146.77914356926
361;114.66822497959262;207896.04975512705;61;218.30160112915902;133606.8080904764
362;280.81339630883883;229331.19426531257;43;450.5932719741387;208010.64654029644
363;172.64850159219557;132997.56848730604;9;417.00817226682;58378.7868923866
364;26.499918420303064;240656.4144515753;13;97.01391945025163;96997.72400518248
365;19.560353698003954;166073.17699069285;41;76.46876688621677;66506.88191725637
366;129.38656655466448;148572.34660422849;1;236.74600073246177;71719.3588436768
367;140.8731991562026;143315.13847869012;28;409.7452599795036;97439.20391933325
368;21.643051338815287;141236.84188701073;51;61.209989467560625;95046.97404632033
369;54.310892481645475;137580.98343689073;62;93.19873304833496;80390.56997268973
370;186.46220534278189;231379.80339410395;29;421.7061291970902;53922.481464702505
371;352.9726088355987;139723.8435085325;18;473.48587414897764;69827.74788435084
372;50.47712832370145;223477.01423632354;28;123.63530388228762;17373.420829680468
373;117.17309645877721;149733.017929411;75;277.33497573921437;47247.041449404795
374;63.808638000185894;132366.7486117566;71;101.63525139842467;98035.10339246242
375;93.31752172394079;138940.9101794539;45;134.38795522936692;136999.78182667846
376;181.7723658196771;133895.53242767195;78;497.0932056738631;80570.45333521142
377;317.3388562652264;178897.9211489283;24;441.7453940513721;9722.155818575917
378;121.72722675942207;179560.87627786753;45;213.9692516023534;137680.77987425518
379;59.72853050988642;132168.35721808855;22;226.61309846875812;69054.64795725213
380;78.77869659533924;241581.6584776743;18;221.17965289647003;32247.60767050951
381;20.016216836806628;199882.4588482901;70;49.41385538952789;174096.5355517756
382;148.8510656509375;120626.741747329;23;436.353406517814;75904.67056642569
383;60.49941014407395;228056.94311506167;2;170.5018762990265;41218.79451066958
384;208.6039867614902;169746.0047583729;64;434.0422239986426;147310.93765959842
385;110.25306303777856;139246.3215562915;9;215.55003799413237;119777.85164863378
386;30.330149308002408;181763.25513972377;67;115.25025227999365;142806.1989105727
387;118.118328911208;250241.08954758325;52;172.30795075241824;95821.08802919606
388;305.5925795510001;193663.13448099513;17;435.51914421490966;24975.308661534644
389;168.86104555505798;195350.31363767307;57;391.4454670610308;171497.14412172328
390;116.0250733900777;139749.41176958245;79;257.5767290103313;11515.663512888203
391;186.75626756812778;246305.4422162989;72;309.299676209148;53084.017675162504
392;98.17165062951058;140066.84219999588;8;218.91828625978135;38768.31844540998
393;68.48108907303721;157575.43805280866;67;236.3809780756632;134913.26589752862
394;12.046000164829904;124283.68561731317;16;20.557873908820472;46898.228503030965
395;38.00897625393513;248042.98203549918;76;97.11305083696027;156899.0265755423
396;71.92629780337417;207256.91407785204;55;211.93266207747422;53722.817572295
397;104.49482767775197;158631.94292457658;51;255.31383756434548;124556.58257986898
398;275.82634885340156;243930.40424115225;35;370.90234104679223;66830.61045851611
399;82.18944583878738;243248.44668273727;75;246.82302449357485;213262.2274448044
400;57.79299624740751;135009.98335158842;76;95.02745953723283;95063.78681339814
401;22.95231911882443;139291.99694050197;27;91.00275788968578;131255.58459768564
402;137.36084691224536;150161.65435583278;78;444.9804024238793;110007.6047330278
403;37.96802051443562;205179.31176284218;17;114.42370848836177;130658.36005490835
404;239.5915403373312;150296.87095466553;8;383.9737701304621;99479.6531362631
405;72.16668030520061;190050.23627699062;75;220.32253340618456;48664.20132296107
406;262.4396801918912;191384.8344636486;52;422.71678255982374;69109.12037991892
407;114.83861727878364;165068.56229162947;73;352.8011329314464;13987.233839396875
408;306.84412963544855;190910.141622294;61;478.4942629386821;96872.97386342373
409;75.07009074418382;222326.2795746529;1;143.30264107480042;62006.37776583457
410;80.83494474817164;166136.5062812905;63;217.1968650457011;354.8606101063427
411;153.12087672940336;117405.76302222488;10;318.50557067056303;103303.56781835332
412;83.13403165441824;242370.84660199896;58;248.17967323389018;9143.486525338407
413;68.83977200185349;190147.914194286;67;210.74198577524675;189518.2131766343
414;61.03744333428708;156813.7771784967;44;199.949280990222;121732.52414583672
415;173.22518467097652;217198.61546381493;20;280.8469718698901;60961.285692454454
416;18.15089334337311;195641.85124589276;70;38.79435774467745;126036.74904566951
417;89.76326719442281;134383.39952197653;56;126.75017773675003;120958.05927850012
418;171.58667310460842;230387.9475378798;25;314.58241569507214;88953.44096201599
419;215.1226691559034;218351.3088371193;38;492.8931746910499;77680.50803595432
420;189.89589191510132;138621.7435508097;62;268.944536677072;129583.84517052655
421;101.51936347735861;202831.761051321;36;363.56582792018355;9411.423151332789
422;127.10577434563497;163857.29252353736;38;236.96514214004324;66004.26935686887
423;109.05543314160653;218619.4850332233;46;201.62241237197372;95940.72727379037
424;128.97956844962223;132367.18729916346;33;174.5751779331768;33572.78475607685
425;121.02375228102808;123554.54972670176;14;183.1328531532396;123019.17755521099
426;314.8963163573318;227878.92276027397;10;459.4789600420237;219335.3300857109
427;269.667114332855;165680.74539697586;61;450.7104569773299;151757.2306265944
428;206.91626100636927;226961.10741932964;46;309.72255186224896;156446.93804041317
429;135.7580558174152;151079.54578313057;31;358.5388418701241;44195.91784332298
430;181.6678078613579;166871.2756203406;56;307.87134539505604;72544.32584632195
431;71.11889060906401;210674.4891095673;46;108.72501841196616;204459.09720740738
432;43.770953777940775;201144.4138499992;57;99.13108045092218;25143.73757715035
433;78.02454429180337;198306.2213412717;77;131.47724055601006;34241.004221664734
434;20.542223332147124;117219.35994066096;4;69.81905478881946;53862.91597037682
435;62.41358960947814;166950.40810106136;12;141.47126757286182;163056.35695848052
436;41.17180070923172;245483.4033859138;36;141.92402338055595;148210.71341878106
437;314.7997401696338;140338.88775178933;63;423.08935057723;110692.23172096614
438;254.95449365303804;185604.43943095318;34;471.0839990524041;13210.743655077833
439;124.62634999115234;196891.81346206815;50;242.01225913972615;93973.2974930085
440;8.096711223446974;185204.3349114781;67;18.97953061931069;89490.19788092673
441;76.61379038792144;211922.3231211296;24;167.7202683449083;73614.24703711449
442;222.17613914739633;133040.9573507382;10;381.16485156320437;127868.35675320931
443;154.17906697078925;220018.4141219576;34;447.2171343447818;30255.491963276287
444;283.61806380715734;181962.05641468053;29;407.50066394208056;139806.543492479
445;129.89925580121556;153939.42166762106;43;308.4649860671915;41233.35051026499
446;8.98849185655575;118830.17763350793;40;13.066530406526466;85470.281005458
447;38.11935973905699;127141.81683340816;55;134.8542214319054;43134.962088350556
448;102.81572507655825;236026.36583886103;42;366.98880945651905;108934.09615689638
449;81.09216655791843;230461.3048862422;2;110.19787994624876;8284.467819796295
450;128.83188777588154;223382.0924868143;30;346.20742997113814;4181.649759100543
451;322.04753333706174;247274.48403932597;64;449.950107759362;177229.09648908617
452;107.03752823087969;127663.05934339947;6;272.5858367813887;27010.961012616426
453;34.848973063758166;151323.22007409466;24;123.67959597224427;70227.89048534067
454;71.28841147131764;224291.09145473794;16;128.86980208133852;194180.05239731897
455;54.621750564313686;231318.21385737928;40;138.99414031245746;173443.40056460767
456;231.7333454396328;128245.8838848536;50;334.56718287600415;55337.004288640164
457;130.88923577242508;149393.93861041593;64;330.8182079116583;33074.151037266485
458;122.79514366403374;236034.7347995345;69;418.4348035969191;194167.37195751868
459;194.2106073110171;119884.31836883661;37;278.33854254003813;77317.12952770072
460;271.92158889133947;215630.69790447768;70;489.8404213328302;121285.3362499491
461;31.026101905429208;232370.93750787416;66;96.99796816917294;165767.03352694403
462;270.9182427253722;233159.24756938932;17;431.78224525198283;129833.23056738848
463;38.53784493007919;139038.09210892353;74;55.312208753553136;35618.30418759624
464;146.50641674429448;120092.51836194705;78;267.8125217122343;55160.9281061288
465;221.25952666810596;166074.94181581214;55;477.7064380692656;138306.20604629515
466;70.04112117943428;217403.95889503657;5;99.39868971631219;161362.75021900318
467;188.74769631816943;157628.25488181476;10;275.7197995226238;149684.96342101783
468;27.788134092175817;158910.93843659066;26;39.52632122634831;34770.60457005277
469;129.4106027774905;225314.35493388202;66;379.3009891123537;177113.2355772567
470;175.8596851294782;191998.73117116612;15;358.3281077273447;145657.27944720717
471;125.75579878197391;196924.95019228815;3;341.07549141827616;96466.66276447049
472;138.49911242649392;239915.23377859296;52;464.85075884456467;164182.49369305107
473;249.89291324634758;171724.772871047;35;353.35061897473855;43493.398295193416
474;148.83723014696974;207615.91159363586;20;347.41528299483906;125809.18393239503
475;12.56396174916723;216289.39523086132;31;34.11474160927854;82650.96032797074
476;102.37761461410585;173896.61712607372;25;297.36347854955085;84227.99978537159
477;7.572602999708887;159600.12616959834;8;20.859477019982283;73043.45979110102
478;91.18470041031661;225674.14083236922;54;167.98282861220488;147809.79649485182
479;272.6431600303631;120485.62326858666;69;384.00271470765733;69645.43122084194
480;4.816714753894286;234802.9150431963;54;7.63262732846664;21516.306389188165
481;41.06919137627017;223377.0236884007;79;68.33118223728188;206698.0003807358
482;172.9651476677313;155359.05524945253;21;292.5481523291756;141466.44505510884
483;280.55299903961685;231665.45745216717;49;444.66952883469867;57797.56172806397
484;289.52214315824966;173917.9015818142;65;451.3367159748589;32175.3310772446
485;176.49798499760968;244017.91098949476;51;443.1490110907787;114824.39932362446
486;5.334312902346676;153099.24139110226;74;9.11721437099527;121739.0243796559
487;195.52817361134774;197716.7854516451;14;284.81929613247587;166526.61716231715
488;283.2787124368607;183135.16372971516;37;418.1356093313204;59326.319698699976
489;68.65780582232988;249644.1365032387;13;93.29433028970324;196284.01478209492
490;233.82636443466458;171136.00043998202;0;342.71193874889025;108741.509600144
491;244.50558656485916;156251.4317396573;75;420.95332169803896;85060.88938615458
492;255.1819766102671;174289.2826211552;28;374.8058635670353;158936.52691183094
493;4.398710648903424;118540.47141926095;67;10.754620506085422;57858.62130049965
494;55.14375248190724;226794.1728105917;33;138.21992994585258;31092.203338767125
495;16.55848423393767;148398.35698123206;77;48.647097268813205;51476.24022962775
496;146.21494400768407;120699.57598781688;40;369.43494121213234;93201.7579854306
497;246.82669154603434;185606.96103316406;45;357.53716039018417;59631.44420171467
498;149.2534601688329;126460.51232082608;14;426.8875994427413;83918.2096196023
499;165.26182643307735;129678.6391405793;25;246.23450027165327;71122.4470005847
500;186.6230327353641;168567.55701356064;28;273.84493869462966;95885.75375529812
501;73.84303284428661;152808.2053704993;60;144.24891266707422;138871.21741942974
502;158.53587168247302;116262.38995926383;8;265.7869884962367;66691.63772333559
503;66.90113104731674;220787.4884541568;50;161.24256278754626;158096.86713918095
504;207.22565474784;227825.38309690356;59;437.6296287334297;186638.20496946046
505;154.54071190649412;223623.32440649465;31;379.9766595793953;27862.73298479146
506;63.0085549931574;179757.61945039933;57;96.13724796657829;24113.351051753485
507;140.5303011811258;119216.15217406103;63;211.285982824862;28355.676741545507
508;86.9337958605911;229219.1453382857;14;315.6450882799312;178660.21535951144
509;118.74431586181346;115397.64087862473;58;432.7005823616926;53830.31944186393
510;16.194069961876668;219210.02626137;64;22.79980069070404;2007.4919867098752
511;82.56734099124401;245030.0021835168;12;264.9681490579359;196447.80441728595
512;97.74093898543725;126267.45867363129;53;387.4038442027484;108040.43494483977
513;40.915995111863936;209585.25219984347;18;133.4373876949018;6231.402139198712
514;67.57050540150813;209430.63571256975;13;148.6107068992251;31577.196516550324
515;71.97675504598004;135582.71269246438;30;284.1115213490745;108388.09394627794
516;142.65025470491722;138601.31631031667;71;193.93910961695985;98884.07248898616
517;210.00466413494948;135179.73317985982;56;407.12336915532154;12112.577990294683
518;149.35639556049122;190562.9852322008;67;413.3479320714423;64321.35948861397
519;256.2960541538546;206913.36482945608;58;408.11619618500043;107780.10530520936
520;220.59107945351403;149293.92594405817;15;443.6678846140463;70726.37613014583
521;167.8256617292595;118761.53228934311;53;238.39205344411644;112020.78451798974
522;200.03751975614028;244298.64893736603;36;363.6210482588299;27191.885288982037
523;175.8800672226556;153479.0448955626;23;354.62038763290104;112959.09994821386
524;216.40717047867312;231399.26322733954;24;323.4659417421042;174750.01649904187
525;161.21851457838628;169747.7501562839;15;318.0375666031105;60456.507342606965
526;131.25994143460474;180136.76459351755;65;358.25159861941046;145674.5527308563
527;104.50899423967182;179683.0570533686;3;315.7636981046557;4689.364973842839
528;23.467197185596834;164562.70761935224;24;46.3404894842253;124344.62659702382
529;57.000414921525994;117537.03872574268;60;179.97633561767037;81921.18665811096
530;145.0807313574677;214894.05131429416;1;334.97814295868375;140204.5660297546
531;57.98314972412607;198333.75133770413;0;189.3244742228485;113536.87080374241
532;129.19149790331826;178216.18892929074;70;211.4890835412926;99470.88975257818
533;70.26795193808259;243816.89657917654;36;106.98481243961825;5446.382827652408
534;128.52348895587704;115499.28059752294;53;365.43108688760117;35814.445507601755
535;18.94343462691249;203455.54025447188;76;38.81357572375939;196314.77329166632
536;90.10304835376772;187920.2029805906;12;132.56444049111468;175477.87147463145
537;70.95432407345571;150706.77741213783;6;102.46258878133213;70109.19189494402
538;108.07150364466432;137178.72013968532;26;361.34063772258736;63824.05473177501
539;99.38710025643964;174390.53396834142;44;212.88737326943922;25608.806977191784
540;74.2431574310044;135298.84200506887;71;200.8180745263093;70788.50768957891
541;36.64181414563954;140667.75387232803;23;123.01146128430284;15061.101688701665
542;166.14096142211955;189346.3546686754;5;395.63618889735756;2807.6700081906883
543;114.3497671134865;168395.69349152638;43;166.86145379209094;100335.22363279568
544;117.11075955437988;132919.1525771641;55;162.99659768355153;66228.57786639407
545;238.0326694092245;229633.7322245104;74;348.4262033464249;49172.36355861291
546;84.66333545325367;131792.93273533258;52;208.64034628428135;8731.165618612464
547;84.17208299965824;147130.3007868891;49;214.4196515438133;142181.32656371046
548;86.47539379723518;204265.21455787116;55;334.22744132153605;10841.551751248842
549;93.83709816599982;201123.79315739745;50;241.9059813200984;85821.20129740164
550;199.63787275844697;177849.58285446273;76;326.2253354759023;102505.27956632739
551;29.095677805610205;187194.41212060652;17;48.68827567600798;17550.648235970213
552;22.79261458152898;174175.01645407974;7;36.95420950833071;85711.89322388914
553;85.0142347316911;234571.15627276534;7;208.46625241956352;22883.167550102717
554;38.45149796359872;119065.40888187563;4;90.43882128082146;45010.13978860851
555;9.852379349820017;210008.84597506572;37;25.039333178189565;158365.57308462795
556;19.963597805984886;207940.87530201965;64;77.25054068952929;172354.74353361918
557;22.12834604743405;198641.14397089387;35;41.855819946005155;3094.107906875422
558;294.24961764827316;251450.81720114662;23;451.72032241660423;49314.94208829392
559;129.59130743590848;204429.10336038691;45;238.64140178905674;37523.333707018726
560;338.67953924443697;124920.12881573263;0;476.42039118065793;82613.4960174723
561;143.67626457069326;178670.09944943106;9;378.5408651486147;166959.04633591528
562;146.18906518598362;179542.9209723638;17;238.53951042002288;88517.77716755896
563;0.710870574886843;151229.5206605882;23;1.8740731710820673;124608.95439553188
564;93.4507263656412;134834.99878790116;74;169.92679641193837;78812.01279875087
565;53.80198265005307;192570.98144704732;29;83.80253438374056;13643.443410234619
566;205.44209391567682;122993.79307005684;38;314.91865000038206;29118.43133901653
567;216.79907259880812;245899.87120370858;16;402.94608219712495;157732.45490191973
568;21.45228325214781;201220.9058072347;69;60.98143116312409;50107.104323212465
569;12.748497824524755;148772.75107856418;57;34.7118886165414;116748.4166559313
570;25.300535376859045;137173.61984668067;35;90.52719889682504;93062.02974321975
571;113.3183813222235;228822.61413577417;67;227.86876956554136;165737.55098175706
572;166.19358213416135;189076.3656886685;55;322.2978801964858;174201.5155179713
573;231.97050202751473;230985.97633595753;1;320.0292200265659;6152.637651125088
574;73.22102407269627;140086.34886732226;74;260.5459126752703;54043.194637129454
575;158.2375692544254;191290.63681559358;72;213.20881148504884;159056.43316429117
576;239.17655407509955;124279.25888352125;71;387.27764325921777;107033.00426313584
577;32.87528583791415;234399.82142303512;65;118.18841429710656;114461.52006558512
578;8.121077121843447;162238.94295572574;10;27.859210097297478;9761.135093579856
579;147.85779699728803;225637.85316247772;40;258.68715708391966;87012.26941103034
580;233.4492068530296;229551.29730190727;75;376.59891094096434;167766.05544275322
581;103.77794047255784;173227.79617056984;15;356.8012012997068;89977.32578671869
582;47.33658884346007;225907.7547053545;2;77.84576797269362;207338.90894647987
583;91.79524315845202;191774.24579391233;66;157.8929434480098;49001.38775982395
584;239.397557814802;207974.9632506112;54;455.910580980107;81996.5597572706
585;100.94055835029674;250864.923151395;69;308.06066155065105;228770.34481981487
586;188.4510781329166;183121.14200383844;44;325.62648040575016;37572.522986284464
587;12.741484100334427;182675.90858431652;51;22.909282654109678;82316.5150333463
588;136.69691875336147;131874.83480507333;55;219.4291599117477;108052.30855433817
589;300.7462493493588;124204.12390185772;23;460.54181796467833;39164.68602749378
590;130.0626933999231;252399.65462311084;4;314.59377454573865;202596.14683304695
591;213.05391559065598;215319.33360250853;57;452.5470531584232;91557.9858783833
592;24.41125412128944;241561.6836896489;30;48.19179100365072;93516.65655728591
593;220.9536660062736;123701.07926750524;59;425.89622228414805;23154.27228490339
594;146.77433185698365;153766.1285579418;72;216.94710827706527;131222.81041499437
595;205.98460677153113;234174.0660932511;62;280.10356576714236;123667.63884902197
596;82.04923447865954;130516.56915237356;8;229.95827030814553;23456.892574665606
597;161.6358478751265;244485.8124855788;30;306.00432995686214;186398.63009122832
598;94.78358185382139;123633.79970406792;54;319.77984088773167;17170.3445078998
599;139.62425336509364;125155.39365808737;51;190.3897997431944;121163.49955335275
600;20.947591007063295;248767.37204573554;74;67.47109852517606;27518.739238736103
601;0.2687771725031074;145641.31148369284;34;1.0481078156407324;77865.23443304657
602;31.419905063090223;221285.39644065374;71;68.3395771636508;86149.55372380395
603;118.60955811053817;216971.22132861248;28;209.6651386678747;58442.433755459075
604;322.5190661466441;133241.10816071296;41;445.39208511221295;78853.02359973351
605;33.4706421489621;137408.0358437168;78;103.59719115988665;115014.09040085274
606;39.96488097230497;225279.91458861373;41;64.6860138229363;160355.91170309042
607;175.3305906134815;126454.86007767818;65;448.173956249312;106370.5983891335
608;251.60447178478785;197194.52234999448;47;388.2347485149436;96085.22192204054
609;92.46724635992783;205579.2094763291;67;295.04916268975154;74073.47290232853
610;134.1095567673947;168862.98839832743;12;280.213554066617;69092.79584406943
611;68.96999478082175;157947.701111046;14;166.1320289308425;83804.99041165943
612;151.78136677642905;244676.95841907474;49;354.72533528888687;196805.17387176942
613;115.75498275005559;119827.36075625014;8;202.655526355232;78301.03823502678
614;8.801604811487204;207830.67690459953;36;14.13047255209693;19206.452347738155
615;79.69883555810338;195219.6659462148;8;266.2649661617306;79474.8774062613
616;63.126341657577484;165367.9680022723;6;142.3301150068472;142494.00481109254
617;191.24687132868237;118191.01129755583;20;340.06109743011126;77554.14593992727
618;137.89786779569658;237468.6464386645;9;211.32612063353344;5469.445192710879
619;230.86737055650747;142163.4554049745;46;353.15283933481413;81271.85460869242
620;254.16099994356995;244483.29989195708;31;358.3151757362139;73368.60587141293
621;302.0425791424626;249294.3333209469;75;422.63862078193955;108308.91184980818
622;91.72504419462223;134841.15642552328;73;161.00306066819962;66439.27874409202
623;186.21252174660415;241995.8005223505;45;468.44990565807694;74940.13486393847
624;77.02853323038256;191593.0564307152;3;139.01853954359058;156372.23189625234
625;221.4626884904785;115624.74421143148;73;317.8523468533117;33329.556183624554
626;74.52328388962727;186420.32088911522;3;163.74060914165116;123842.12186214658
627;34.95679811349638;227660.62770031526;78;125.97386993391775;180564.09068423338
628;227.7836461244865;244279.66486018983;54;433.4860824350538;33442.71583557766
629;47.81380601212665;141459.36708157707;30;119.89365409527487;25594.472875393767
630;67.9550368938469;236670.4622174293;17;222.05025688443928;163505.418672464
631;70.26288275266872;249553.04153701052;18;96.40750090309392;71006.00820965265
632;106.61478220607611;227556.16700068966;74;413.0738550199556;197496.14941699998
633;109.35119210557122;122193.11429173163;45;335.94094826640213;41749.09871901976
634;80.38821690497805;146709.86053748126;63;261.4851527947594;11252.240571547478
635;283.00215531448487;139107.822033751;77;394.6361993737543;10289.5639529843
636;12.667588154080965;172635.48353810047;43;35.93680984048223;131524.2323393969
637;84.51363024061715;206660.26359034778;34;326.0360051522699;108027.0460151592
638;63.01865176188122;124505.2280664755;37;138.44596155348356;6448.942036596951
639;47.923756746098746;207164.40740981113;41;123.12894156477329;136199.09898630602
640;40.127092420428795;115126.05229025388;75;69.19651618780571;22338.35464221635
641;102.66109580012808;235341.69404390157;60;251.77442205069718;194229.56688532294
642;131.92271873439614;139839.90670258185;12;267.2741735990105;38906.4925505191
643;212.53301733353942;152610.44213385662;36;312.3434541388946;38454.075404058065
644;180.79217819164157;215766.95928764314;72;344.9818964324779;207192.41666667242
645;53.82056460472641;178741.38889045737;76;174.75150889389874;118122.74336307216
646;138.9261530279177;188637.66244081553;11;274.50846376049384;72107.180951828
647;167.28487189177847;249331.62635512854;24;229.69306152139544;217051.56040772778
648;6.191873079375767;123982.68892620255;21;18.601546313545384;81626.47728244321
649;93.89739198906385;252707.14833027485;20;339.25771993295183;139310.0593967651
650;135.02326406980814;249387.60947442858;70;285.42152805125966;187124.23010693296
651;131.73425643035316;229377.79843055797;24;194.02334394165857;52936.506471256944
652;239.22138456643677;191289.6489667765;49;394.6121723369061;108447.04613222729
653;235.59857920204286;183178.69575716133;56;315.55944939848365;14415.172596714236
654;260.18896216728206;213913.44393513713;8;422.1316728245118;151677.41449299696
655;34.52999778568278;200308.21400837175;78;63.89497186400281;153320.87713788263
656;78.07945116004433;190312.35713717193;65;198.85535516762724;185038.21617616777
657;188.48204215047784;149497.35325552395;12;327.92343248528186;148171.78712590234
658;199.36907259938764;116153.53393096174;69;441.25480280187986;31039.462585372774
659;260.73706294124975;120229.19203404541;32;473.9232105791421;45384.510383461595
660;128.3364376722607;219346.54201406369;75;181.91665646303022;165323.31268646955
661;302.0970603119502;158917.34095468608;57;472.29012803025375;144975.31957658037
662;192.11984186799515;162369.89973889443;46;398.74154430582723;130120.53462351918
663;5.254867087967037;127142.41965074044;43;14.242560909742842;64068.75879962499
664;192.69042238039373;186159.30289229084;73;277.55140880898693;121345.24326764003
665;142.59389302723486;251939.50326426094;57;411.61080250031944;32927.54424696923
666;201.9257854039252;147108.94675057373;75;396.14304502102743;93660.59988058291
667;26.706342214961335;230895.91778076562;64;99.87477737032158;15753.87819715914
668;160.94097683123258;185035.36196979458;14;350.8400928601723;156917.94387416518
669;107.41459020442409;213365.1988313506;55;175.0819765936764;161081.61533575898
670;157.64313734416012;191875.3194080092;22;394.10118690283934;137123.32815151924
671;14.663016218509135;184944.57117718633;6;35.98974880330984;124019.87935768379
672;108.06292020451843;121684.25403345907;25;229.3582132516085;91099.34043688682
673;228.72785795946868;209510.10167781764;67;439.02587144161816;72324.42610616665
674;98.97039098196375;178445.81733961144;75;319.71822772708293;77816.60463165924
675;262.19325682888575;231769.15088388676;43;439.236778379571;77245.16396619967
676;187.6222082802098;150951.88178974134;43;352.8223869288219;28711.304959136916
677;202.022795730656;164267.23405834296;14;488.5089315423865;130635.03309390353
678;50.63444235649025;160607.96332374372;22;115.27000399815215;59974.14163798453
679;78.78903608591573;207029.4174429667;77;292.7805947219797;80312.3819836116
680;276.3186226025478;236347.97752631133;18;468.33947582402;147958.87055354525
681;173.7615986875261;218540.0052338395;20;235.63908597753888;176688.87321414638
682;247.6528282360998;195015.49607584777;73;366.9800767685966;62518.769448825966
683;198.1648436502347;216247.00620159827;14;480.2514211400415;177483.80157705044
684;216.18327813484254;202229.50838492275;46;309.2005222049109;88267.46577435115
685;106.2382757417235;127297.64370579009;74;176.40977662996193;76592.91585929423
686;6.536901774435722;249905.57339733158;68;15.481007122125412;124226.12962180079
687;15.135374888429338;165191.87010332994;8;26.46683999429322;146135.80103843354
688;16.092960628821018;217586.29220924457;25;33.815742417104445;159643.71355153137
689;159.07146392798018;233755.14003652567;50;245.9339440874601;58373.05120827078
690;9.913329564855653;222628.76319702633;70;39.571251486559284;37427.25852455384
691;237.19672675097473;158617.11841777922;37;478.31862743739333;136268.30443567596
692;111.0310502534144;229249.8046565001;40;161.44202754244824;123474.73003473262
693;17.46774240044992;149948.49168758778;58;35.4531019037586;21279.03522387202
694;97.16913445247427;247151.65796764387;31;181.24243751074272;145908.76591385153
695;74.46418158892503;213279.56292402418;25;217.69533246216247;132928.5859420787
696;231.46118110004764;252396.03644676344;61;391.2513766048905;21287.3482088033
697;240.77102624060365;194247.6019778419;53;351.7249649529613;119548.27725797775
698;0.5999051827135436;161900.91665055478;68;1.2078621600685002;47855.341343122614
699;339.0362709223853;148775.135338576;50;474.863162543377;10684.715123711263
700;202.33444848596332;244392.51678813813;76;441.54470030294226;145307.85627542628
701;125.99936902857782;205846.1464838628;45;297.24391110702;149376.43907126554
702;323.4099905155971;236593.1823919369;59;473.3494912134888;34649.39759490706
703;285.0708567001858;210722.18419197557;51;433.13726926538754;43039.35465122506
704;143.0719856930934;209554.99122927847;70;257.8202521357841;181059.44880899152
705;73.12656581700976;122393.22586952859;6;183.33056850065688;79857.06679431966
706;127.80957784886948;118889.59268188907;41;272.04993929131905;18658.469591295452
707;276.5872170669078;115619.88942493097;57;431.87683955560806;17895.07244803256
708;145.18701096276286;115181.1255342132;64;376.1007582725207;60925.70247561581
709;206.77678255400826;120090.95718396481;40;471.92092938983683;32056.10131259408
710;125.87737171520267;250547.02777875395;60;181.67464878590232;172579.59880755853
711;290.00022905901216;165375.55037159348;37;481.70549903123845;17864.079351804256
712;167.7155818226335;217309.67457525188;55;241.19384068426783;20818.872482676707
713;40.81835431966631;213198.4179897075;43;156.48661447439108;74910.24339127542
714;14.110937615020203;115608.46622740457;11;46.033371077763036;15882.47511918967
715;230.5295019859461;242073.6200772953;46;393.86315650384125;13149.67664061177
716;15.602183490199138;204470.92009759185;60;33.05363486896386;73604.88484555483
717;116.25061377012034;125813.44664556044;67;267.1667754644061;20255.994355308896
718;105.57290176140413;212020.70174122992;9;195.3868962531646;35330.70054887067
719;170.1470215964746;167204.8479527275;64;396.5854589518803;36452.34050587893
720;172.50732698077843;115318.46637605091;29;369.83511522551936;24578.12516194406
721;168.54717837345032;123658.06767884515;58;320.3344159083411;115871.48127102412
722;5.04914800958595;223725.03049361016;66;7.500948764437436;4444.07475214573
723;44.51895848573318;183670.34566036053;3;62.95416251697565;79442.87677338743
724;68.82199827554288;218169.60055619245;52;266.79104097513823;123586.19065584458
725;212.993522657595;231342.47423612577;10;309.4765602406541;217092.28573329642
726;119.83350204594913;130768.81466249324;21;181.07576364614766;115146.91976477335
727;56.21238735944966;164453.8790259927;39;135.67849565012193;11025.776730166712
728;82.12060688410631;171834.1635838172;40;322.49092922559754;50168.59555767448
729;64.13386462287208;208042.66257172223;25;173.2093878224275;96001.40003758803
730;10.791567252267136;247437.7969199961;11;24.572333255604153;11021.259092535412
731;277.6977911070313;151725.90932018694;28;423.72433708189527;48823.346399764196
732;134.8024195922904;188124.81227434383;2;288.1486035270574;153173.95014762878
733;206.78616411631734;146604.6891776071;31;304.4655911742665;81074.93145869543
734;119.8362934330936;219042.32924639474;51;162.77936090762003;181900.89022271347
735;104.85917523809428;230499.36711357557;44;183.95042702120585;29545.926909705937
736;27.215284504107398;167246.4141546381;45;52.73516029722689;105744.4946931722
737;73.69972774213346;250931.31426527025;29;266.3129640332711;125768.87706553168
738;247.8425605242727;207814.63349063045;22;360.845616485596;129855.74812613288
739;149.31237237525153;167831.88351604174;55;391.18552443467735;21880.721928261388
740;75.84448512544824;185561.61200825835;51;129.0171421323931;109536.79165106652
741;261.4058424950194;117037.89694901147;78;496.5191228237275;37940.23302751592
742;42.18708699592254;197491.40140665736;41;63.77365745541484;85111.68571168349
743;134.40871519435817;146486.3141096507;23;281.1360801485006;51670.79315286147
744;5.432331185191925;226430.9850328277;4;18.448989047684822;179037.59096169658
745;31.50110862711604;201031.00421936542;8;104.84186337980364;23010.007773270074
746;28.95176544029339;116504.5836576152;39;63.35543174122817;98276.6808682075
747;61.30782032603911;170058.0300409189;3;90.5083955813396;159216.15233111958
748;48.18606233070949;164995.45039952107;14;90.0237443062626;21741.034118290772
749;81.70456224403323;190577.68162535317;19;114.08613782257167;131968.0181677464
750;186.03280152915843;147518.16673494017;72;334.8888469672703;44369.36207068826
751;50.15973775009187;120896.8815889217;25;160.81730972708138;16942.373496320404
752;127.51077736965681;156350.24506582553;78;191.28049455364095;21485.947880396518
753;163.11080675138516;206109.7147266597;1;476.8531801368453;184913.1206512026
754;266.7418478577454;126086.85550778073;32;438.4229949716165;16169.69189473363
755;114.30029977678042;221321.59454155728;36;289.3029591470192;139345.58219529313
756;2.8598193016196767;157060.9066009455;6;7.7588248641201245;74932.97389376709
757;128.40036258047908;229580.2687949216;7;198.64107305035094;167211.83952812586
758;85.4572378400113;140026.9462908551;33;170.00095543206464;88356.53607450843
759;186.14463951745637;129257.45358239138;53;287.5634302424891;50888.70406084484
760;250.27262624651723;117190.4554300856;57;436.16316030085244;14163.544450142654
761;47.81311481207472;246387.10158107843;10;149.60736765128615;125377.44013946396
762;151.90475931565;209243.1006814966;44;297.05437950230987;124326.68287999506
763;86.67326889434167;230137.31135435042;1;280.082240973793;225711.98307335522
764;185.01531287385927;125320.14822869888;62;288.38623643840015;66933.7372267626
765;105.56629460331123;242885.0105618885;1;255.707182004021;23170.559292136983
766;29.772764977938724;242593.74401303587;40;46.316189624612356;134622.97627264322
767;176.03896062936707;176356.03819000718;63;467.00548658420945;23585.291776925253
768;91.24244316082363;249558.7637940019;70;135.31991594625094;9319.395141349447
769;248.72755479556818;135961.04781949433;34;390.74729309643396;52361.08223269628
770;64.43348901111777;174600.67012919288;34;87.21580870245366;7401.012637803682
771;219.8975480752699;159439.02467710304;34;336.7465809582369;132968.36206834455
772;90.52666573531404;155675.0508146133;38;321.61163469735806;22634.85526234703
773;80.84381426437572;210923.4423862294;65;174.78944158939854;169736.6853480175
774;10.319545661666481;225325.2325313034;77;19.247225640800142;170229.82153211543
775;189.11558194223485;148119.7114839618;41;354.0292990306727;44519.97171574713
776;142.1980236198827;188047.37151014508;45;327.2532944527764;169546.74678201825
777;116.99074610945323;171076.80726773562;3;293.05510452385096;162009.35770833434
778;56.81881543760947;186424.80785317218;65;77.46338317706416;41681.40570800231
779;121.70238049526624;249772.07258736138;56;250.13568503537263;153953.71473619997
780;199.6332635912202;152246.0678101399;18;301.85387375122735;112450.00224875679
781;161.8031316735041;212917.3768508339;6;447.37297487075375;168190.9811747672
782;104.19143921907188;218284.17881024306;9;278.91623498640706;187328.00336144702
783;139.03815944762684;129222.72702357918;49;356.09489682466443;63801.40403163767
784;13.353517244740615;231163.68330691455;67;25.144910186346635;174930.8821032489
785;118.81649407631818;127211.06457037952;17;234.21313407024903;113618.64478958037
786;73.83390635060475;227363.34453490685;24;287.8507138614762;223520.17668228998
787;205.566018543214;175275.81930644036;79;276.4697567635173;158497.5818981753
788;260.29382545278565;162975.11903047224;16;353.34099696581967;35930.61450570506
789;122.44174823254716;222722.94485027314;70;407.77176560859397;127432.44351710775
790;265.6320060518625;124414.42520588764;12;379.7863026803006;83403.48480080008
791;37.91015559996596;220133.91864516627;10;113.71381473689021;60709.39957685575
792;245.15414190198496;214606.61312646855;79;360.98944247305457;69080.97540630054
793;245.37425384676817;126807.39770151174;50;340.750032885896;45370.84465502563
794;159.50786125896747;233537.1433382696;23;259.2801090368202;83049.52080927302
795;253.69814995041176;118323.59579125604;17;414.4871409296472;87917.58069325075
796;154.10741296139415;167427.22196398754;38;326.83038625505446;150370.68823120132
797;26.379393677654015;175567.3625832384;50;46.472707196046365;94777.37729314574
798;25.15850520779584;237025.95208164636;78;61.915838012650035;23757.224824681784
799;76.19614688421713;130578.13502481084;10;262.548435610686;34404.74952220837
