;p_times;S_times;groups;d_dates;r_dates
0;285.23663614466926;206.95681059684688;92;186620.25473536353;86065.50621161364
1;289.232384091253;143.38856410570142;76;216635.58357367018;28688.379091002364
2;378.6057666976038;108.78179277816434;50;271293.42164533824;205402.96226395632
3;115.02439787569357;74.71828207679057;16;178247.29119337755;40033.6103414376
4;77.06842790880778;30.360172952292267;60;267215.7338639245;64735.114886532596
5;68.97053011391833;24.24283892962193;98;221274.08522759043;25918.371369374327
6;473.75796301614184;298.0662126798132;1;203259.1992796607;138370.57090843804
7;51.40097892325528;17.34267289678892;40;192601.94258233937;128738.6469551056
8;25.562829796695762;16.832734225203478;49;179670.81430573427;81030.97717326567
9;92.35152538633133;37.1014549124101;1;248494.43100825648;102985.15089279274
10;145.77722539304327;77.32876110697418;59;246249.14547188464;9965.976847713397
11;25.659813780914853;18.31397388720985;5;277140.6986667835;236435.59712890245
12;317.80999220939566;110.49829935313235;56;204055.58401904654;180189.4465266301
13;160.80433630699028;103.63447992463827;45;252770.70758804705;104374.89611967192
14;126.73158418246867;79.22405003693164;47;280594.1767299314;71330.30336194436
15;325.4824334034591;132.14504696406757;89;191652.06185563153;138926.5824388927
16;70.05042888914325;38.48532007665474;9;282840.13927275734;241651.3709626909
17;438.2881799166766;208.72276626842813;6;179376.77718023243;173169.03507597419
18;80.63575058292437;55.649036043011684;50;220355.6804895803;74527.11211508457
19;129.97129126618685;67.57624678365896;19;189099.15920891365;188202.97647262673
20;420.5062273901623;227.0341533441881;35;271985.9727646882;255669.96377864492
21;215.45177125444064;66.80503124452221;0;270083.80351736577;37209.10398519082
22;39.60590572188798;29.506795821015327;64;196102.55560389653;122659.22034169773
23;127.65309220627111;93.5955370703897;55;200433.13806837553;90345.32469121511
24;394.2025577731464;293.5745956897265;8;177803.03948382987;77522.2609361169
25;177.1514412551107;95.72978525937701;94;261664.0492613889;232954.78515988507
26;204.38584078389562;106.92161881578673;28;267627.0625998399;156215.22820207154
27;439.5938273984435;196.96878184842151;71;256891.36634049393;54562.7362700415
28;250.88591336616088;123.19633350861929;67;245990.54543792654;118287.12651029431
29;58.544846283676215;42.99860679985389;28;247856.16850857553;99265.7939186573
30;498.8325835756189;372.8629429087902;26;275202.46355381556;133693.73359118606
31;132.35294290221185;62.609481422178945;74;257538.31893919018;224524.406113068
32;487.70997918315004;320.7116948068473;96;267647.9609520352;45531.36063810068
33;155.18999039800684;48.255635622811425;97;214402.23105988113;92846.19310839899
34;204.50346715677256;55.49941137782641;36;222697.94893132075;71865.39471899462
35;257.88892604381755;90.7611604109786;65;229683.52028615118;171622.15437195823
36;15.085774957856666;10.238647051533976;13;260844.45505503303;25982.09655717621
37;90.77922273881845;49.99063538520938;90;262801.2894517713;233811.09266900184
38;51.94247105971892;21.427359939971364;62;255833.55678338875;143582.78379463943
39;69.57723219971393;47.56064461553705;95;234055.9936520086;1890.7442847546286
40;164.88771887430713;63.02554593017554;12;269181.7414971868;123118.61463174524
41;307.0236468245739;151.87790963023062;10;239927.17027369596;199727.52075308925
42;95.2161080814203;58.727172497340746;13;287057.92424365855;212613.94517026402
43;130.71136214598974;89.93154916038999;60;218127.95071711997;166599.21944339172
44;478.3155997090308;130.7810828496021;81;289878.67315318476;218241.1339954937
45;356.1795955257051;164.31247067213073;56;250796.0650472013;189174.8150314368
46;43.73087764194781;11.209490861480411;29;275073.5755477483;185162.7788075777
47;473.77380379000823;350.2791628285051;95;269527.81428802066;227292.54334168372
48;476.2379803106835;227.13668465286986;7;219650.43679914068;59238.08562471426
49;124.2730377135714;51.65756920158094;64;220648.32407020556;106354.23079134326
50;492.62124899534723;131.02460839657655;11;210369.59034204824;92026.29220010676
51;424.54737622035293;179.1897088432433;73;191231.70038077034;89293.57465715038
52;413.29459308130373;242.5748640388813;89;252250.35272249446;121294.45551158335
53;335.1518953500371;210.72221928909738;15;260082.35948616476;120364.2405002956
54;124.9595692916889;31.562279581225962;95;275027.8547873729;122079.15194894241
55;76.37476445303408;28.872272626769902;8;279181.2751941719;233380.39827339983
56;72.80762023477075;53.8421037808948;83;194940.21279282868;36027.76591723149
57;216.77651757168107;152.96060792541093;31;270822.28182960127;92656.62973744645
58;175.75715770243167;101.84356404355472;84;208074.92448950146;151165.06925766924
59;253.40313922173596;94.55558570594329;20;235847.3998821679;104838.50800942138
60;17.302412788183677;6.550290785068267;32;237172.15818555525;157677.27417981182
61;227.9845320410134;162.57551513638808;30;224464.55663183107;153673.62643690666
62;404.21543785123623;216.11197752179018;53;289009.1864777977;133483.35120315402
63;483.99387249187527;218.44057030216968;89;206133.48372636642;71082.0630113522
64;209.2578603617228;120.24573019348557;63;268844.5857497973;174093.41290670386
65;31.615623567573927;10.633322792650434;28;232963.5326068227;27614.153525967286
66;168.95023266379627;99.74966211762253;90;261974.06532600208;106845.99569184417
67;403.5958296185437;138.89224997624194;60;183291.61333146153;178225.3779176053
68;242.23363991570858;123.17225115517981;88;287385.1743696639;89921.49357829965
69;150.83618095160853;55.19531548251842;50;234328.37971063968;2907.38223082482
70;179.7644724539311;132.2240660288522;80;269139.4322311386;128702.62530039839
71;121.35198556309683;68.54748281995552;47;251766.94872047356;27829.504842857154
72;290.13699057931933;207.68051619316753;8;229126.70247132189;213931.403471885
73;305.7771204203719;147.85309871848045;44;187328.9358471446;139429.6471172174
74;460.5105903885172;160.6824312014168;98;212503.9125494391;176831.56562530264
75;179.61383177110002;72.34408959789901;73;236832.9953032485;22393.09622133685
76;451.0675538809736;293.13541659510196;33;189784.4772505318;69922.3129871032
77;24.735921077577206;13.893018653223578;80;231924.56368725566;124128.13965358074
78;392.10466697700514;265.53910810495154;26;189448.71776664053;4693.032289201339
79;380.7750897118394;202.48887469414697;36;198702.74728925014;191549.1661471523
80;5.371613639212296;1.55623168519329;92;271077.63522100163;213674.59250143782
81;490.74977236444613;255.9485290426376;43;186446.54665213052;45174.425559312534
82;281.12399148081255;169.0521151689733;0;206747.86075602128;98407.26997707793
83;289.88927208277624;151.93512524144919;51;276244.4712774948;210422.77031340575
84;249.4704332360105;130.26890955043456;3;216892.67441660745;74426.14585537532
85;489.37450028770354;336.348377170728;3;263174.08020652254;115998.79188467722
86;220.3370165864699;129.08510993445694;46;262493.6457337821;54968.46227324624
87;314.5693046113247;190.96721786921736;56;224346.53255735151;195450.95180126687
88;388.1486273045884;185.58900802770893;22;277220.2687341735;271728.5413875556
89;230.03169967948088;146.56904196741536;53;250488.44482667296;110065.92997491194
90;196.60812893067464;131.24627534181172;2;213308.93126423736;171447.96140468057
91;455.07305426032394;263.0630130772177;62;268758.77517941;142745.8532542852
92;492.5299566380592;297.2664711734825;59;213830.04510420962;96258.82794530466
93;44.13237850349846;11.74320641307653;35;215525.40740368245;181176.27213306914
94;226.45234059996287;163.04683717434162;58;187876.16214067698;20046.33507816344
95;207.5815041555771;76.13850847919001;91;273842.8560981764;144111.24574542898
96;418.23462667952464;292.505261135697;81;263206.0980971145;203798.26337222627
97;416.2228345500093;232.61957221506594;17;204568.20314900702;66008.16129379968
98;193.6397870057868;52.678230529136556;88;189430.8564163347;187367.1795475317
99;304.1133126086968;159.4435725982302;85;226880.65556960032;121693.68181471888
100;470.0924057697599;336.3358965984927;13;214913.41126928086;164535.67134546593
101;485.10141028036446;220.74414756363313;91;221575.24501791422;42270.760617576714
102;3.7536206204528595;1.6256754651467575;11;218412.9889146812;21012.140300080926
103;55.984036210485236;31.165328388772515;3;229293.00931219544;28051.79405363173
104;204.33384012911623;91.64101483042329;4;194788.21515841622;163721.39283216075
105;260.04720635643196;112.2135588068477;44;279046.9757369457;271927.3056925192
106;396.1027237016926;199.30427623419766;54;283847.9564236298;20173.271057974813
107;179.94143296981943;127.09229727540443;82;279636.7027111818;192549.06270534606
108;396.96042682147555;137.00707245584522;85;254775.6242596403;155928.07848222394
109;284.5651018271208;211.1405819322249;19;255171.4494422046;129667.97971679337
110;41.58132032897439;12.123510877815537;12;264593.0074522658;244835.08531120137
111;272.2123607201125;72.95568068325717;68;274241.10650097247;151332.26948757228
112;286.9970037709605;208.329489368187;61;242080.82047455045;108995.91159722967
113;17.094692691642106;6.043170360250764;35;260091.61586132465;12590.24119662867
114;219.05569842504522;68.33447726061581;37;267900.9060387618;211222.89908393953
115;77.7552643981829;43.825744342143935;75;219789.84458059116;143948.6589287727
116;264.94484037389094;170.7413402313095;54;203778.70700251515;190197.66923372654
117;329.32040231753115;157.53670821114076;81;233012.21407044673;85158.41949201522
118;487.22370871435135;283.3613411741241;13;218446.67496890592;10231.8613009346
119;499.36840437154694;170.76019557895444;58;228977.79459815903;226519.47257677917
120;296.7036255073951;86.83860276092571;52;208168.26664598708;189807.63972162353
121;325.8260928704258;87.53996758899845;80;208438.86195409863;101858.76959736347
122;223.44373510379071;148.11403755451914;43;243890.28958736506;95005.78894996898
123;10.486936208341808;3.7323484718912376;47;244234.39331322233;210082.7409045735
124;348.39644848577825;201.2338891469903;20;190996.05568860396;156342.44786888268
125;238.62467525687885;130.369064953942;11;187172.0506285484;47393.104830047385
126;466.9318241852475;278.67416983172365;99;207692.11647010883;166715.72601201772
127;294.59472890651796;182.81866556141964;20;185597.95196533116;169318.87871017083
128;338.3866924784028;85.16013079299566;20;262546.04835709656;253078.00107997496
129;483.65800550567565;251.42886398913654;20;247701.1074181188;83657.39692472594
130;244.38301511566232;127.0673138691988;43;220757.57027441793;59770.6808022687
131;51.09000242563077;24.136050801869537;32;204391.99641270068;37996.0331664362
132;339.36296066231074;250.92508048312806;59;184588.36644098433;76921.6996033772
133;429.56873671153653;272.5301311139253;53;289257.78905737476;230014.16273151708
134;300.67344596389603;168.6412497279897;41;206327.32583386143;12888.997182783323
135;135.1090125694693;42.46478796489914;12;250271.44354764727;125762.76057503893
136;341.3136234769347;178.66708793736638;23;280271.34827000095;224939.60625789626
137;80.37030593092862;54.5961620949932;59;189065.13522072247;6929.8794905504155
138;228.24947529475622;159.36203516173381;25;196947.92545776596;97829.38198600625
139;140.73231311873883;63.673618565240645;37;226314.84411532717;73291.37633438403
140;143.29637731702664;39.71727401355165;83;262336.2257776387;28204.98048833327
141;368.3354360438552;122.07030761207471;27;268121.4257637951;214480.08936985512
142;407.083371858685;162.74645630459653;41;226329.67027812853;206876.3395994348
143;399.58804897494826;167.53374545137282;74;179160.8285996461;124193.88232719111
144;391.1062852264036;230.69326795025955;53;288993.68079923606;192211.71080224798
145;440.4938309074867;177.27481662114863;15;210097.03592284344;128692.39669307697
146;101.19401471681218;41.064666630591326;54;228352.1794250919;223440.2695170321
147;122.76490596246654;36.86036842807096;34;289862.89530153427;94395.93239054871
148;59.854366038715426;19.35365430547968;2;193155.64501152324;5241.509662831531
149;143.7793225201419;100.06062785101325;88;228001.44862212247;14724.4414795776
150;281.5629554832805;102.09955590680258;29;223304.72319747807;157941.77606772495
151;492.9267697754325;287.96236302818266;53;236899.67795942703;188226.3109664733
152;245.67432353907267;175.3960377029976;41;190478.84396826167;122486.8802050267
153;276.78861288497853;146.14635722026014;34;219238.41940535657;143247.27745936305
154;31.197559378354516;17.476494071759106;29;220364.54690402362;56658.01276749007
155;469.19395762579;338.9773183556357;88;234734.57192499092;9936.485612118831
156;481.02277098377766;287.87858958678686;96;232036.58203190882;151729.40780134624
157;331.8609604603583;205.62840741206418;59;240932.45817736172;30901.789339634037
158;416.0598572708859;247.24962463166747;33;249277.73836102814;238369.05879433447
159;124.98896946295963;48.919570054973576;24;208877.65178744798;109665.06565115413
160;282.79818669238676;87.26859981480578;89;205339.5885535614;74167.43912556834
161;5.358586512380693;1.3828467679878444;8;233786.87852729263;165490.1916918311
162;256.2178837704814;95.80030113324557;46;215282.36134695003;79054.66830829302
163;38.64120824413901;23.031531869493016;39;263128.601304975;102344.43388813768
164;364.7146478005168;210.630076392561;70;274829.01568252925;112846.81324438358
165;238.5837532990937;173.939280346954;41;266573.91807165206;218086.93068903626
166;307.73675696002937;92.95534305997779;5;225781.71632690175;102873.59188102491
167;36.751145206212584;26.156339064084094;27;240287.00390202386;28077.056318315077
168;282.3209248931624;152.60571060330122;16;228109.81553057506;7710.765791856024
169;108.01506268735255;39.14437085846742;74;258392.29348982126;256240.09958887124
170;306.8132243863455;103.09661638748891;51;191687.7904631564;103314.13039579986
171;381.34352274409434;242.79793380031117;7;256676.01075962128;9299.458197597816
172;405.560396926361;144.5367919393262;34;230061.25054060866;93172.87237605212
173;399.09771595467754;206.71418647274706;2;288284.9496382244;181436.3166661532
174;468.6962426571501;118.57511856469057;41;231430.7883882862;211341.38955786254
175;373.9821939580828;242.62154313746825;63;273780.0633480139;253816.9359248985
176;86.45466603082154;48.59774308639784;38;229230.16173163534;11882.051578148637
177;466.51434955045056;176.8038363532701;24;282269.7593431999;242519.4067261868
178;418.60944337028536;286.0340664705668;22;264628.80631627457;216840.49471571838
179;377.3658782116538;106.241809626329;67;190711.5785262307;113410.81652690687
180;4.222558408416484;1.7833331923564946;51;223066.15481732384;148423.40255608113
181;343.0097155198097;236.8234901046343;12;271371.6133930563;191339.6033500805
182;431.58306732788566;147.84585298616327;66;187226.8256223892;84903.40652390549
183;49.10818417875691;29.92394629557741;71;281605.4501822056;137635.56381340395
184;96.92454445234411;46.623618434114015;38;237724.70825140423;19308.626283130845
185;27.257054401163845;9.244927209097261;41;202445.30726840248;14869.961679279742
186;221.44518038695148;59.35015042471863;45;216132.03602747823;98991.82342939952
187;79.42262475377379;29.313573357012594;41;192687.71051101282;171462.88110878368
188;204.79220528212988;98.23502284790692;17;263369.4399699515;193469.5756701934
189;365.39374542102956;105.12783411213024;17;276162.84043404687;174850.7314425056
190;136.52598957167828;69.33338602354725;49;254332.43685336877;244275.6008654504
191;462.9592299214168;250.07626135505927;46;276454.1410467094;206411.3861924003
192;35.61639765222757;21.612373030132282;68;238271.56183847808;57929.91000698202
193;165.0120006439361;89.68809582929077;74;292660.95672098827;199176.41465066618
194;282.14563455547426;202.29290270250422;12;202079.18466129104;36744.62453948292
195;297.76163055773065;93.56231339687302;2;215428.59925964737;4469.781921215618
196;449.51285017386044;280.38955848218023;65;262126.3320886506;17085.002068026366
197;2.8161400670311454;1.9756869761065206;44;192048.29964640073;63004.19749246916
198;98.85108683654141;52.37927891652312;14;183241.81110571913;59309.747016911475
199;139.61767337047394;59.58109152646555;6;243002.22996916095;198531.96998289504
200;44.04633927583511;13.717837963918422;86;282954.1959971923;182798.44863423723
201;274.9625349509131;205.60381049231643;24;257322.57277418106;133704.6565595656
202;50.78345907933397;24.596419295067413;46;288368.99827312864;122460.2344195213
203;49.67556694597583;34.73833311812579;63;216054.4108302968;183023.08595471352
204;137.82080948078502;79.53827066976511;53;253760.83451144505;23409.571946789856
205;481.21071362569154;142.88411215671877;9;215681.9115265618;5860.6940070164455
206;381.49017449138154;174.31038168262876;30;199353.38426041338;189824.25106055182
207;37.56008418497563;20.197817485900433;51;200249.6803336644;177005.6822619675
208;284.5969796501489;187.71913244304866;79;214962.81925747014;11466.026965918983
209;63.05663609710904;39.245169421847834;54;283523.7280320361;92448.22593403576
210;52.881125247910965;31.60019675244162;87;241592.96144684154;81819.45820609407
211;450.44566419034425;216.20640122484414;61;186564.3442013371;19448.917172590292
212;305.54706502694467;224.46392360372738;57;218121.69595539238;23494.38084565755
213;443.5472334248141;286.9518927776263;70;250710.75098602992;183905.2695842257
214;8.233820065572473;2.209218603211944;22;233918.93352934218;123791.6686953776
215;218.27876793515867;157.40008633316643;37;197540.84695189062;56248.19144506759
216;122.41577962636089;59.99378295014851;51;241015.1802713609;57214.119209977434
217;256.31382031199473;188.43374858810597;90;182790.74579924552;178319.20354457613
218;324.31834490810894;163.224066724383;35;209139.82060060988;49847.59135802835
219;10.071456012012126;4.451250103958254;36;203433.13991908243;186226.89731678177
220;496.0198000814514;347.36832616997407;39;220799.67906466307;93662.05802442589
221;133.56232839044944;65.63393230887961;81;184179.18724903732;102468.73563770804
222;489.26673724018457;190.14562774829437;16;248853.53882960626;147024.3044849951
223;87.6957806891114;23.21369698809502;12;290162.93885745376;249603.33093712584
224;215.86331937754375;85.30970820028145;57;214068.98002851155;33385.8288623395
225;350.89192349710237;158.94452651304994;84;245441.11961603974;221452.73349365
226;39.42175193712081;12.242656884846765;32;208542.49954152765;136410.7004905281
227;80.11603414713029;35.15238539986717;68;238720.6251694432;83159.57087613233
228;166.8718579512802;84.7520414551202;32;236553.38937357484;88008.79900343186
229;132.9743902129524;89.65815809215886;48;256869.20406320348;16678.173780565114
230;289.84624383613357;144.998102476879;92;284166.12733867177;19791.00685885942
231;464.0003302924542;196.6783439707496;30;232295.0149117552;181856.32973846773
232;318.2673098804729;233.40946456550594;78;184209.72564963516;168802.29029937653
233;482.6089142227666;139.26252977845436;27;192995.2824172973;29950.73356820158
234;48.597449123774894;30.518772293973658;98;228500.99601107187;39106.168187990515
235;217.91115280361964;56.00837452272867;51;202842.10326626856;131165.7981674311
236;229.0733087826886;139.2641177980952;9;216436.26374928706;178715.6995389288
237;388.4809120641775;106.33552507674922;13;194759.55005102747;132672.11321604985
238;476.8961035474672;228.1355942610068;23;287496.78196704626;244433.34730227644
239;403.0671969780513;183.99613440032815;41;204217.95394428255;201092.35261987356
240;440.1982095818134;112.87565589061725;11;229128.92247405046;158028.3122894682
241;238.77937547238886;127.5976068253509;17;179044.59774560246;12969.890189783047
242;189.62265932648558;121.51362266283208;86;230461.21452315687;211546.07182550523
243;122.05169807348565;77.17490238721462;50;283157.064127893;194706.72517496586
244;165.55045456923182;85.04938409591415;72;254339.29699513712;168241.2360180755
245;450.3197523912885;267.14718100494326;68;286838.49667699344;157958.97440305568
246;418.99622915614856;224.21335185299063;21;200955.33100789104;174842.68928898638
247;144.61055135547835;100.58037355841361;13;228529.2600865692;171314.95761234488
248;31.704087760077027;12.268492833040689;38;188695.38064966013;21087.13376046571
249;378.5246821207956;260.7238877664675;29;215545.7942069539;49580.289058255046
250;488.3828892473577;179.9123395800272;72;233271.69847290646;163285.37148689872
251;164.85617659923358;103.02970146865765;28;265449.6265436237;39730.50777159098
252;263.23349258096755;144.62644724441103;59;226057.06066884054;138154.8943735741
253;119.50802218382934;80.32930111880196;84;216486.99630733186;74097.14428206156
254;141.40643093583446;68.11137029003072;27;262057.52627031662;226316.1856794616
255;412.32524994144444;271.35510086868373;93;228719.42183785466;21181.66128842155
256;276.1247778239946;161.26116613846352;88;284724.2739741077;210805.71195498126
257;60.16533335018884;23.00255660177123;68;216287.67523467622;57235.62675137469
258;197.68003660841612;111.19812944883462;70;245351.33057503146;24876.131762208093
259;372.9085542874173;236.65219019277413;37;253281.82847354282;67548.90105108285
260;126.05527312708014;45.81853152491487;83;257341.70794010535;136017.81590685828
261;307.4671396667826;158.98580190459091;49;271962.80142287776;5100.366483433839
262;138.08159577375756;46.305888614182;21;281902.78583754186;132255.54017260007
263;56.909419901573244;32.10725199553002;57;221407.71933336923;62062.16593797705
264;186.93284184734145;131.45935830758046;73;223781.4209488876;203050.6587028599
265;106.7023399046496;43.1968341525189;1;206180.4692975581;16501.509261596075
266;105.93584026771576;62.542562915104426;27;178590.30662444382;26044.491853264557
267;193.39938183469346;142.89202126058981;50;188140.36973885467;24228.136540482246
268;254.10300090080239;123.16099749319325;44;250329.84165620635;115730.9797037384
269;281.9550093130733;178.97784083418352;90;198213.8689598373;178807.23838558985
270;139.89390080431986;50.744728516641146;1;263191.49295660504;37228.48041379984
271;399.5718393042374;134.88653226745498;75;288694.88481374306;36131.61342543289
272;434.6584354543106;166.65142351871708;23;248464.60504085384;47093.099914511295
273;101.95270346747046;67.14486590960603;91;246795.470424949;79753.27533725915
274;114.71460252847001;63.86274263122838;9;224088.5006473191;219196.0441128377
275;426.7324280293356;203.89320668239233;32;265841.0668332808;148743.1779058971
276;176.042157527986;90.06401148946513;74;204088.34239701348;96366.99173126885
277;257.6544001737303;145.4613647083772;88;281694.2257895142;107422.17352193696
278;68.29327054345492;18.132405810897342;10;215304.10706665926;157549.27682812692
279;82.97704834017095;29.79549828862187;82;280506.951420191;54017.495917707034
280;404.30792400940237;196.76803325403185;80;182749.72128070903;181556.10115015955
281;290.31951803938375;83.06155052606191;98;284987.3470625705;73465.73155895011
282;17.709774685754535;7.678777540940296;60;256708.16523709995;217921.28403474984
283;456.47062439401077;340.073413154875;79;246637.8981639726;143422.06724671903
284;471.1008588110885;259.4813417474999;59;197495.8598686877;14750.449341356223
285;10.237873644093865;7.388422048326173;57;218364.69468917718;80044.27190482512
286;195.32879668589837;105.72550970599862;41;205785.20976775384;178613.14539995568
287;433.95730062442715;172.24168570558632;93;271766.04955007095;88380.12477722298
288;174.82693217272586;83.11151060283244;93;268878.3351630708;1410.947123347815
289;248.51314710234232;153.90510167705122;71;204260.83147027847;165510.38532133965
290;237.06590723303188;156.6593214074238;4;189639.24423524906;178537.50916828614
291;76.67329317162991;52.24521570619403;66;234150.3166564803;169484.25424242413
292;154.72572578812708;70.16329666393939;95;188445.8546793316;158563.89542547602
293;277.16777897817735;154.79898774134736;22;192460.38829449908;55040.60652963668
294;258.47875539803346;88.80911451160941;51;229431.06283726144;162088.93185388396
295;297.3590111659066;138.37611301459083;39;196406.95651363424;47687.93270906051
296;268.67827075003567;147.49949553412827;92;216455.38614496042;202933.90842277097
297;240.64538367975337;117.77373349013098;82;290568.8373080904;175832.4093803781
298;427.51581839991024;235.3596250414898;2;250017.27745764604;240891.27547845925
299;433.11514212646836;262.67603664140063;60;235731.79786041417;201142.19578252482
300;335.41954851441335;178.0621523613429;58;272886.77846920077;37256.3390208855
301;418.3140725932113;193.9883470860851;80;250708.74526670808;127675.60310551264
302;183.12215737193418;77.24537333365241;78;231036.99444541696;6634.615213095964
303;81.9616205045356;52.148523671390116;46;247224.91518570445;197152.9244638275
304;444.4735127263806;292.4747451770582;26;195622.09490685197;26464.892971184287
305;399.7122537277574;206.9228858581796;82;260805.21836522076;108218.04063946543
306;2.055741436388576;1.5396497815498504;91;230711.01729664675;153941.8765842817
307;476.2488251691078;136.2017586600352;88;216776.80017746874;74357.49483957487
308;457.7514255662164;117.40596864213194;63;284982.9594552452;184181.19625255026
309;30.122424543328677;11.102171720697465;37;184434.29514072166;6026.118409395866
310;251.78731601856327;163.33274513898056;13;268545.2287588221;84328.46374023965
311;138.87728341892142;60.20044822142756;61;232555.82960830204;17105.09458163815
312;481.64729737569786;199.70794699908717;22;287853.67818591057;273507.09776665684
313;484.5828091624566;243.06622118738252;18;220059.65878881817;54809.84128921148
314;29.682888316269842;20.44393334675518;48;259307.6535852016;259111.2890593184
315;414.0510699713663;116.52464077288866;65;178386.2351965281;87169.72648771036
316;464.99264660604274;182.43977463577542;88;279419.2765305904;214982.91911956886
317;40.553492508643686;27.498985527466832;58;207975.15329757036;126912.09012906405
318;170.23725617782668;43.47756652261425;98;197607.78905903417;5455.329291145538
319;91.10652051040285;60.35078994758641;2;179713.29036855602;45458.75596460379
320;364.14105983172664;228.623520907185;82;199073.52621423715;95560.43566412089
321;461.41473407439514;191.30130381619733;47;207508.6533658081;190697.8797695753
322;319.71723136366353;130.57404398110756;37;202824.2217129755;148382.8624766254
323;194.08811727724972;57.31244370470954;66;258425.58428236295;87383.19453777859
324;470.9327822986576;303.1936379731382;13;291357.42283573153;79302.76372852454
325;49.59762267200432;22.461972855264474;87;272831.5300987132;186618.78705133128
326;87.71490541144286;27.426428803592323;77;245197.26436388638;48972.54602189098
327;179.9141581872737;122.78025288971493;75;227892.25581227674;183543.55859840117
328;42.69397135786152;24.3319143455171;16;186478.17701861676;42663.28396137447
329;13.310442824254684;4.666044362460119;60;275156.30363779917;25967.073102594488
330;100.68847577884681;66.07416475868104;36;261144.26265311416;125554.2777715783
331;163.44809523735918;121.34875031564992;21;243777.82298819063;215101.39251581862
332;383.52161472584925;263.3028789932687;98;246945.5753293796;177614.6118275405
333;238.38427155108835;89.17516039541665;33;247946.8353592005;136900.05227129182
334;47.70319040239659;34.569242539064945;72;281400.9777175175;1895.9799320721713
335;226.6605556142347;141.12738091899757;49;281313.6384403213;152385.4050346453
336;230.35559184048523;83.35920325611927;41;253992.20636631927;206741.75109671117
337;212.45182301296913;85.29057348738287;39;190802.21077760533;140608.02460647552
338;282.3504422646801;141.622824765226;76;279112.4689808023;151319.778997374
339;106.7852253850973;75.10082159689036;3;239848.9085277491;22548.25410781346
340;413.22365235553275;266.14388547116255;63;268737.18297264085;122417.4355936763
341;164.33216129570818;75.6955243217621;79;246171.15188745246;43332.417785674006
342;237.59575707235132;80.88536454520931;26;253347.88442453468;102595.74991284416
343;147.4055377698876;48.4744175349231;93;233694.53316124334;231825.9371144522
344;232.48957766350202;74.31094062660583;93;254147.39538234996;232742.4969536517
345;197.52373337900008;93.74242924364749;99;241835.7541923076;91674.26401239821
346;215.27294786012615;147.81483926718502;79;194802.4786236597;29272.461384682018
347;291.2174694923113;113.05810606277342;87;190740.07054675533;47.135159063008906
348;280.48077826014463;175.63822300272676;28;191866.55850126286;123355.52159402406
349;65.72339039960507;17.407160661519764;86;199916.64320491458;141030.14110877234
350;28.681034781410087;7.577665865516784;47;279847.44094291795;159291.9138844371
351;207.9577619724111;101.72426843008347;8;275082.81029558205;229406.57821567933
352;340.9066575302322;117.34766209121096;99;202921.63407907038;27376.84904871163
353;160.57829277321133;60.498375175658076;21;187356.39237796242;184252.47954519163
354;178.34977557645036;111.26218507602327;45;220941.39309754968;10122.40908348692
355;422.11540844279847;309.5798527997767;67;293282.84640620643;183051.8674874287
356;40.984281993283695;17.778231392302935;85;269633.10748382594;108295.57317216755
357;116.56111341846984;82.71204764278096;19;232589.31609477848;24332.221553696374
358;471.1037044771607;294.68048438516024;72;193846.79581135468;71665.43922532887
359;126.8369997154329;35.05368846484353;35;179820.35998895305;4685.791033352598
360;236.85271445232212;141.30076178172183;97;288074.332613265;10546.462786761991
361;413.7196001193679;118.03294122893604;46;205441.10184162343;151916.31440840822
362;465.6021744638206;348.47948884764924;60;222574.00966344186;96810.26422608033
363;198.96476277657786;64.80873652800612;49;192805.15914678734;27275.675752150473
364;37.92669436173213;26.07948452511227;86;206701.74102408288;61949.657224073875
365;462.883924401513;145.70947704390187;48;226123.41858278934;59874.330414416676
366;461.00546863271313;145.65773046737556;64;292522.5481921918;82192.54973013022
367;372.8641341527018;267.3391686812602;98;254898.90977028245;220245.7027946847
368;76.09233565689429;37.21505675319913;18;247836.33566695105;196489.0100456807
369;131.16592611778296;52.75361543121876;45;213648.5890469319;167865.94853665086
370;369.6669826599527;238.96626697805567;3;270283.8498396578;30974.151300553713
371;195.21281509851772;111.2378471150081;10;198437.69278405595;1117.4307668736808
372;315.28436618696355;220.83949240170222;96;275027.52990305534;175248.75418215757
373;174.54154012008087;106.2578325016474;40;244240.93434786733;44373.84339996367
374;454.9728232361141;208.368236193715;62;272430.1196533732;205652.88784149315
375;155.32456698052428;66.03315972087204;11;278083.5270737283;163412.02070108475
376;480.29532064542025;194.37880878375358;97;265989.12430121173;55637.71552428196
377;247.9956382228885;155.10967121654204;8;283278.3358901191;135620.28140684494
378;329.1353835494418;92.12407743582555;70;268176.9230131749;67048.11169652775
379;426.40803142798626;279.4731306632092;67;292195.16229257616;281683.65331243037
380;124.12021867705869;49.671383541665755;73;281530.4721100627;118348.32253656979
381;356.71318227596817;184.1090114038927;74;272980.07415229495;188793.64979325532
382;351.1968896912262;116.08235537686768;75;283915.09208239825;178667.56955193178
383;435.3469290737106;120.85879949351268;49;256792.9471199299;197998.25693636984
384;89.91523370307698;38.64572817168214;70;225645.65162104342;43837.75567972288
385;400.1239688726713;127.5047415215963;24;254997.0715904113;20347.100536568956
386;82.95170322583061;46.35502048608725;46;208370.379285447;68477.88611547636
387;199.4673356710887;113.59381328306432;47;194819.9641104672;128416.02980822996
388;204.02352821373313;129.55763707946423;58;247189.58553505974;235152.24888695765
389;491.68283115654805;187.46571561906276;82;265019.49250532576;222090.9903147626
390;484.4270066982623;284.7264864479872;43;193164.75557293824;40176.953282175295
391;389.37563045766626;185.35222559044675;95;270176.1259737021;165292.1695325816
392;23.670266912131368;9.334071060911732;70;251050.5280780166;196146.10570987672
393;342.7529045176997;203.82855532336495;29;240201.92362091804;75552.60960780026
394;436.72273393201505;311.3788326251119;38;177168.75947678485;105484.44365256184
395;119.70530179835094;50.245680522926996;46;205041.9912372479;114171.04415480743
396;455.27549493542585;192.85455717194955;92;272838.3938295512;269959.56807319727
397;178.07742311896212;121.02845493849564;49;233927.44848423504;117496.67406626936
398;304.961495078549;154.1186401177962;34;255480.023477644;91449.75662529281
399;348.7581355728198;240.54326934075215;89;292844.489187547;242699.64286169392
400;164.66770158265638;76.61741272527965;22;227712.57965584286;37536.44243823901
401;324.3919037593966;243.27930337899062;36;197454.14767150633;124445.84595617942
402;135.83490681317537;73.89479414008215;72;215991.25054066972;171539.00035747813
403;491.9590714829537;262.1142337156755;11;241131.91781844533;191397.45799354697
404;488.80650326036726;295.39403590875264;8;263567.64955713344;31137.244531523185
405;257.5065823697722;134.51968925444723;7;220513.9631938257;178834.53572803424
406;447.256673602837;190.33810784945697;14;272126.3705243353;190466.24588501806
407;447.93061045573893;173.85013622446945;19;185996.39752263203;99516.07492854884
408;48.89614814357257;22.84930074004678;63;231997.65971165305;211981.9996864569
409;119.86684158470982;86.52767410173387;65;207203.6917942123;100182.426470089
410;292.13623157273065;79.71582200041267;11;184070.8275637422;147227.74006597348
411;315.35141580918446;157.9326467097593;6;252899.0057643772;215236.00266849835
412;291.3509364429082;114.12366459140621;78;241021.28349415096;133020.87386535137
413;485.8066726143683;253.64785759728827;8;290384.1307575649;76504.1106370857
414;100.46473500551085;53.32794926787673;52;227272.19854772917;40707.991018134155
415;206.59815686602053;100.68630855784916;37;210951.55115732347;66036.76386686723
416;53.655227964536834;27.45274120588541;91;281386.58118857717;29935.979760197726
417;76.92592405344179;25.915346410502842;63;227039.73699374706;148218.61084841896
418;360.8885550448267;263.1015867697356;65;242276.13245454375;91773.09047732707
419;56.489504160766614;16.00817387050443;27;283285.48813420837;223265.83657621883
420;211.12894107682925;124.31774285261338;38;282413.83839486836;50113.24655759316
421;124.52238461355662;46.20984177876387;69;216701.76734000185;177407.4233883337
422;428.41964504121853;300.1282378688173;89;233055.22849596;34669.222706542896
423;220.18273029184013;109.5849919739886;95;226995.09824454453;110700.47378133317
424;148.77783758695912;102.7098408131414;24;265393.0740367826;240462.51609307292
425;106.77114583673006;58.39345038766564;83;263539.13676036836;192307.0077989647
426;104.4625332454827;66.60392879542455;39;220388.24654990883;203468.98630788687
427;70.97859513342671;44.006993458111175;97;249704.8042095783;53619.283778072284
428;292.49642481578525;180.87323420415822;32;238774.98508126786;77430.83307343298
429;17.303559815072063;5.554653752159747;84;283484.81183594576;43569.78546569435
430;248.85280253516189;183.57369396401918;93;248121.1215923882;9699.457622132672
431;452.83195790316853;293.35729547550955;46;176908.9587531893;36888.97638222319
432;485.41622276882697;363.25508799758563;40;184979.43780681372;146852.0964367985
433;61.33383059047761;41.40443641282993;35;241140.673176846;59006.38472308351
434;213.49543998947624;64.92467740351154;95;284785.091516928;198864.02208428725
435;184.9593237191695;78.68665097745789;69;214493.4374156955;125571.51465361161
436;450.1132128808916;170.26947671163677;43;288745.32720515656;171735.4631422557
437;394.81493684795834;159.54529074100665;0;240539.72542646702;164768.950237878
438;145.51490891666938;82.04827235344783;26;194933.43914377826;133942.86981420472
439;441.9354526166888;186.39146079234465;69;211731.2097674734;201421.7706990619
440;269.02036554156774;174.1385348735127;75;292074.5516500875;243720.92968866034
441;160.9812446219279;56.88300599945498;91;221780.95773726417;204061.78221254176
442;211.38293257835122;127.73037946332295;92;218177.81695316418;193897.87680270706
443;446.8729417704421;151.4055292593221;42;195575.51871166244;170212.84592427855
444;292.36370337633514;130.14912951461974;39;195437.62055507363;98965.65038332221
445;239.75784639987648;155.72643564383662;55;249900.7700354666;153553.3791886161
446;18.45739460200932;9.248625863910407;20;251774.09998166343;8778.711087837733
447;408.3952627763854;128.57977594241075;6;250575.64824148623;83734.69439012003
448;75.84064868111747;27.17197401986675;45;198733.449625728;193453.9068014136
449;439.60384857909327;153.92510275919233;69;176806.18919240683;25164.605870272404
450;290.0870658041366;77.93466812988012;0;238034.0564113835;70394.86300147926
451;4.703807823433496;2.6726534113616247;50;284143.2879630872;89701.22925823824
452;249.76474726182008;101.35220411253762;17;245267.67005844915;194481.6159661988
453;430.9764305683094;189.7970977379181;91;273683.0803377411;130744.80795381969
454;383.721870810508;191.62016962578068;43;214715.34485744612;157694.66070206548
455;60.380297521751515;26.63094479805923;1;238852.23261724232;185186.29763789917
456;255.55557569701347;166.54523160720183;18;284735.50200134807;256000.43144340874
457;287.68849921397543;153.7151649161772;85;202542.8640560504;59330.662069085105
458;266.754853535141;72.66885768550785;41;192778.70213153766;166999.72917522985
459;182.93604217998637;81.06777910457248;51;270943.9782338309;107035.24742430169
460;422.2566148679339;195.19959149240657;13;223989.04977454056;137796.10227284144
461;252.7794012125205;114.45436199191805;3;266837.8653521912;25599.711705411428
462;211.42731097802556;116.97741948293044;43;202238.49390509777;178660.21912337423
463;499.74482426089565;340.7226187047619;73;263737.80439635075;54494.82218742219
464;285.5125882212502;205.72391690887744;35;282832.1809484774;159816.65034427543
465;439.36635233283795;134.23061884576077;41;280577.738383685;192782.24954570844
466;131.11387983638062;65.36586686043076;11;207365.4172245414;156485.86749900144
467;373.8451082489744;205.48489605614947;9;286605.3866544264;86038.71758327732
468;119.82428597721146;34.889835867147966;57;289764.86642682;122487.12153508584
469;149.23821259236703;39.425966056092214;6;203407.01036372397;37176.51625472216
470;110.80058502975133;39.718814538430124;14;270223.1251104735;182199.45448162447
471;125.22460141240913;47.38210504254527;42;239777.5656220848;146779.77045816786
472;358.32798451070704;261.9819629693847;35;273998.2181354908;116327.79853999022
473;497.37745333944946;219.9898923024342;56;229292.6971824129;200063.2424328364
474;184.10902441122278;97.46615856283265;12;265614.7515660558;249940.50577796536
475;71.6702040562112;36.23546885234988;69;237479.0996878177;168249.25700998883
476;271.49023764227564;201.0690028373116;47;274196.6577823076;227320.2867837839
477;347.4862537126323;180.00845873185682;86;251366.07050707476;12306.191943605616
478;71.8316526817936;30.0191056921162;77;280026.0017681188;64966.335113461646
479;175.2192400543773;109.19203867709243;63;250163.25917388202;43215.62953882
480;401.0024500211917;216.76279514856188;77;258544.37029089857;112788.05218827055
481;17.13344160425988;10.454530752547369;3;202319.65588792862;91276.47481263775
482;89.39434056032545;55.453647526676605;10;179185.80005974183;167764.3538493889
483;461.3709131257837;246.80042717499518;40;176743.85135188428;45366.627908456314
484;3.0668397825919977;2.0524579723000325;99;196562.85367223798;138437.34633524038
485;152.36316796524076;96.71435743000562;73;281307.62034392776;68763.34295249936
486;71.30734470742348;36.43324799167511;52;181468.32372600673;53777.776836885845
487;261.5910237559809;173.594250640745;60;290748.70242547384;97094.28885907769
488;38.57303597014833;18.75241933954381;96;254041.49780529566;8300.272741384751
489;264.2258162082502;82.64593363560245;85;226103.27114759656;168143.06800269368
490;434.95841816597886;169.0986708198508;85;289609.27255069755;213990.17488316397
491;359.05006122226246;118.6265505284673;79;203937.4430418675;52826.27348899731
492;335.5895203367826;85.05749465626465;63;232938.8379818822;204019.86306035664
493;365.76677498177503;206.84984691320105;16;228992.9387746194;121002.82552746442
494;367.5879619929015;144.25084514819827;45;289791.67471182626;234460.50082002446
495;162.5382774932455;51.45503026698135;97;243819.9269974273;59379.01682171731
496;29.18986899731976;11.514292834271407;14;182702.93965903646;58161.69100839139
497;424.3096734814763;262.1183654440763;53;272967.7834817129;217395.1765230864
498;247.49497282092702;134.66254359114788;14;178724.49023508438;87908.18076846574
499;61.192043186196585;20.520228864623736;43;253122.2181192499;18311.69865468673
500;202.17212012277437;84.02187846693413;47;224223.51871455082;124493.82970888428
501;428.40323438854017;286.0706340659297;58;194656.12877501315;104673.81130092603
502;444.84930981771214;220.6283035302749;37;179499.87944096385;86095.20292690363
503;412.2093166898303;276.53098636199934;56;225607.48272009724;125142.65084581185
504;75.68303538767114;56.624357558446015;95;238903.38887987437;33474.74917708436
505;151.32079623118574;112.22033301559036;88;293635.337265816;124221.81680473164
506;60.67728918105345;40.39149097464912;76;218597.14208226494;215289.35180250223
507;323.16301414179554;205.31171452057043;98;204553.72696670244;101833.50493309826
508;200.25266986229744;77.04687517931082;36;219366.79097896896;137720.1893996001
509;363.50324476473094;271.3309849912967;89;222608.2086216006;148173.23512056947
510;105.75859993817072;49.88878397670305;62;254382.27059546945;97969.01362157452
511;372.68931653669387;187.28419271785177;45;198426.97184606758;156005.78639597463
512;77.83704748825141;38.95959344634673;3;204328.85820329655;110216.28706507155
513;263.6451745636665;126.69063451419473;49;185940.90323746664;148884.29504810608
514;128.0962518370765;82.48655057736303;5;245148.84922949263;179019.8754955112
515;314.01786813926384;208.06568217410558;70;248594.51058638314;12923.4524354775
516;366.1121943531442;267.9444616901289;20;182470.3037236323;135301.07135964697
517;469.67443685153034;186.95123375011116;79;183609.84199573306;33666.90646581497
518;225.94154242573907;166.06644809139294;8;268512.8627062997;60712.09466083126
519;34.85898518814325;22.237349512594683;76;259025.58666728577;114560.01005981266
520;289.8590878796926;98.73481272100587;79;220613.44615806272;181206.39308663466
521;313.7013060932986;87.49600424646898;59;280923.5634978212;182355.16022920792
522;326.15946351166264;235.0923736672848;66;255359.23167712166;54854.072895319216
523;451.16310483587216;169.77483821254162;86;272877.59869543475;65589.37404846826
524;326.33339303473963;158.95247215446736;50;256691.2927434548;175171.23486359144
525;174.4376835871479;121.00702493846974;70;275045.6385504998;107785.66827992929
526;192.80408312820467;86.24230066058286;73;265283.7318057469;240067.43452081367
527;483.6798065746804;193.14171332282885;75;208639.88608651896;131468.4264860372
528;119.64915266454538;64.6372968829426;84;237546.11312547672;228670.97564632815
529;202.4264443668798;94.5269823813143;99;179493.99939070875;57587.397295700655
530;121.67622198778609;45.530826441240606;14;178962.25819453952;53860.87008822853
531;308.9818194749058;209.2612458109759;92;185546.29624956465;41287.18232795878
532;173.060025938752;51.88312669374178;66;196490.16005103177;93484.09131387663
533;280.94032399059296;129.9448592035438;96;249329.16757113367;96921.24305695214
534;422.9329747391922;203.15334950223777;15;271791.9184488454;45656.15305628579
535;13.131821186620451;4.92826709936683;70;243367.8178461361;34908.58551285359
536;408.6096675818446;156.26569789471571;80;293714.5359034723;11013.494370469087
537;83.84842331608871;50.08349529687048;61;270049.2344484736;163264.17591980513
538;197.91893715602228;90.97136800907556;72;213071.23762641594;186141.11852991424
539;452.7281095901015;258.4939815374973;23;189043.18345038133;130133.84209982949
540;404.48776000342946;142.99309898451986;35;282005.6454737853;126917.45455207242
541;100.28593166992214;72.69248940669948;72;207398.96669816753;87506.22470065969
542;413.98471980898665;162.1343328803739;84;278332.53666727303;68996.3343476878
543;291.3513165434228;193.91292812558507;93;225533.24682618555;111075.8745650459
544;494.1217139339228;261.24466020685327;49;213733.2056370301;197733.8851280594
545;153.41410396462226;100.82099374247693;43;261329.94629292976;50466.65613382462
546;80.11468706545266;47.76905231590947;20;216001.7444786069;73705.21844981599
547;140.3829460983744;78.1356194605207;74;281528.5042825387;63314.22707440987
548;1.5069936078967827;0.4215120716211869;90;227155.4782942799;1108.171200004333
549;37.6731138185351;16.058376016722026;0;233947.87941671323;96610.08422759539
550;417.3057287295143;162.67420094023623;72;237636.06545531942;19430.175270151958
551;183.77367489776722;90.19010379337863;34;274772.8239767486;207612.7465645888
552;412.0172540225552;131.63800677639207;59;177902.9547407235;167976.4704568368
553;219.37874857268497;116.84297775378407;65;188109.14150615103;26710.417724697876
554;441.6217047675429;283.4177851755129;68;234305.8401639805;59026.49160528196
555;186.4008527563826;94.47528449514832;55;264718.0931729834;159334.28178445765
556;311.9372618206122;121.95839261976258;71;259714.81716924434;12768.92015756793
557;304.2381181785574;157.26912137905435;84;222470.91998602593;144218.90304728007
558;451.63773208102344;139.33160211443519;93;268373.23756647774;168880.3283552871
559;41.44106360144633;30.914060330780096;60;245899.34997387032;121386.96635403881
560;98.5569508061202;29.42979997344561;12;273636.63089928345;149803.34917967525
561;497.3593448081678;214.34291585793338;55;198632.33915620108;145052.85318849148
562;459.2141024130998;128.2929114101888;70;200498.71145078188;34352.268931192506
563;355.49276143816576;230.61683500122138;40;196874.76793143604;193155.48805747423
564;335.7675437257799;147.19606850498803;52;229781.10231067185;104290.34531557196
565;241.87139777854398;114.22230544953305;32;257144.27907469304;28788.774203546698
566;426.0902255497451;170.13690162656448;10;184046.05592272404;73884.03023832125
567;407.3432679690844;181.59897343180006;73;265575.0068243574;111634.56744590099
568;125.59015199424495;70.59522034316986;63;224749.42812874762;35669.47451689047
569;353.8799266707723;192.24815681629946;62;197307.32860000434;16939.963258984248
570;150.15076331464036;60.898639140588124;26;195749.52187868432;155861.44950232122
571;492.74940089754784;269.29793152034557;0;230771.03546880878;91335.43786637488
572;82.54457274040035;26.217484145720068;37;263929.8869088552;113774.14714881674
573;218.48659574730058;151.6982150769649;13;189317.96839434945;38297.984205510096
574;258.43833673717995;165.13086939283093;45;203528.0476476432;117255.6033108315
575;368.37865892861197;179.7332141209863;42;283820.17061411624;243273.48103043737
576;167.65753470223993;113.36108653888154;24;186760.28021306414;54754.822320368454
577;499.3991306649433;176.87822207071673;24;227667.8288209887;164933.70035337185
578;346.64514106292364;233.28443760332536;57;274300.4706192677;64533.98662154538
579;205.80774095375327;124.39155304769012;48;252144.7078785954;90453.33371159987
580;18.49878054166995;9.356108603771819;95;218084.2108258265;83007.4007272332
581;20.848309177084356;14.659320732829492;87;253920.0823711473;94536.4939868413
582;157.95747868213277;100.95190576568189;69;202067.36216676433;145469.7649389207
583;215.86078409182645;139.34175379286498;26;236411.48490999476;131273.97764322045
584;359.6366106512895;268.9621543734869;89;274351.8758522831;123307.30964328576
585;141.83976204140296;48.23107580546068;17;190586.06589673116;130540.24651804447
586;46.83081804414242;17.47692238670708;73;237588.5691944738;209013.72804492657
587;87.50267282505465;46.83441051632584;87;259829.21620008774;144870.49429040067
588;490.5773418318387;219.7388143045681;0;251856.01379255412;122128.185929491
589;116.0460446343195;47.87730557923117;41;268476.6340589507;78851.41925439854
590;214.5526227584261;150.28123175533662;39;284564.47580874106;33824.01409309164
591;443.51567721844805;325.4485799381323;51;191857.18268078787;149126.5244781014
592;208.10544312475594;115.99411739528216;51;213958.1578064271;212212.0585645259
593;216.73204086968565;137.22329364287134;24;184984.40090480034;165389.784578143
594;103.0235607920267;67.66437759861104;99;222512.17280158427;153080.4582159891
595;236.31073405363426;111.37283814801948;57;187724.3941401103;159523.55623477345
596;14.967685842345853;4.309876588588059;63;260786.95727924648;182039.68170916918
597;30.664858222490626;22.134105522421585;56;218062.6055831377;106013.34584767258
598;93.36286074269904;42.607598830047806;57;281770.74604426534;83320.28225918485
599;240.29939315263974;79.2738048326837;81;211144.61625233464;152544.8778808032
600;405.62493994296864;174.43294877344036;5;284928.76748923;15939.304127955249
601;335.5204686740888;232.04085297887173;7;193010.57687481967;152186.00814976968
602;42.35023742290467;23.21847196896084;55;191245.0116004698;104639.45264540122
603;126.5133285642843;70.2517509929948;69;232717.5570388195;93308.39178131366
604;352.9777268048815;115.58185037997985;82;205311.58396670368;122580.79232052782
605;304.3427743583907;207.40965841330552;91;261729.02375548854;44588.437597392614
606;66.76919053898813;30.86343562728967;9;208215.03396814165;164825.33332999845
607;148.47797414248072;72.24785525402699;56;207086.98202661623;172507.05466834104
608;324.65782930271706;95.89204584228564;82;202743.61171038414;130070.39513350492
609;305.7329938234984;170.7730139464252;98;226409.60273207433;92117.98190609677
610;246.22227418299707;137.45349974004964;8;194780.33807148784;5170.094950770891
611;152.23302636044593;88.86015562107653;32;289538.73993554985;250700.65631349143
612;231.1717025886888;143.84293480678724;19;264627.98537961754;91638.34862164895
613;271.57173245252886;176.11920509223228;38;185434.92931048296;17922.180357211033
614;361.40813817838614;253.99462004695133;85;220245.96742706947;153430.4330676598
615;236.5866742154324;83.45502578398816;97;260839.6702577907;235688.03433782188
616;425.2425969679589;269.1285354444897;65;228263.160731621;89238.60769357343
617;56.787647603579266;40.66209955395822;33;235140.2767628042;56977.62407474387
618;389.18901036305294;172.55534732023258;29;193502.24395082524;82310.34675479731
619;312.81586790246286;166.49104933289462;33;241789.15057773286;76445.35543835312
620;48.80885431236922;13.828034459014438;77;250407.0130607345;210384.91683388088
621;334.27900799204946;133.1803095319727;8;238021.53161302602;44675.82876885648
622;89.33422090692515;62.8915880399673;50;244386.61496398854;122987.66599483008
623;91.17522803820854;49.53192784238915;82;225059.16193712436;14636.364894285029
624;241.72139678916233;179.19202179259003;77;217356.72017699422;173578.0770509865
625;473.2192152387138;340.3548190955372;74;177612.7047442195;99866.00799465775
626;167.88520396144582;64.23577413577662;18;286923.84576780535;270240.70018152613
627;252.72916134609557;101.29211564604334;58;200922.45537273595;98053.44008519448
628;323.8081795446735;237.98339575940864;11;222259.7741896029;132249.29700646794
629;245.00544371719508;153.74060407826772;40;220055.41790166378;41773.17127345542
630;337.4472486105675;226.4566504277421;27;275531.4246927254;62498.62806782529
631;71.61265935397363;41.158062488608955;35;221816.68249014686;103260.41578758087
632;157.4357649439283;72.36834481445538;39;255162.37490859197;86208.1160960888
633;4.791918632004536;2.8386258420847885;21;201442.88538831085;22133.71669401169
634;454.1846141726234;201.0837328522164;6;221898.4086508563;161086.17389240713
635;498.0629305126739;289.2414146035493;14;239748.32300924504;38783.98876464174
636;309.9499052990477;132.15482914481103;86;207750.4150307961;130075.4785967038
637;152.82629323636402;53.02564173603079;93;184877.70631949994;63884.520763508765
638;62.24362046179418;18.313920234888126;76;204721.09350620548;108256.38189998285
639;237.5536600698181;105.65152225680977;56;205497.92526241366;132705.15870394855
640;448.5316612541879;209.82242620665107;2;225989.5739915694;182955.11009180621
641;120.25153738952605;66.40665353698205;3;269224.35589230555;114953.8681320348
642;139.9708544761547;52.32471337510125;41;279534.6718577079;258347.53796328433
643;364.60662950744216;183.3662838770073;58;178460.76753493142;119572.24103400177
644;294.37968357894;202.91111253870304;96;257782.33275001388;238426.58115938402
645;297.639226856828;140.4551863767201;31;270942.07722317294;55651.35784847786
646;99.98949934233997;49.99346769358132;84;203080.25768391826;36277.85877882413
647;173.61177680001097;118.13037447930553;53;183556.45242866524;49552.17213492171
648;46.099488131520864;18.518535854742026;75;285610.9855329938;36138.25794285526
649;152.45532783583053;101.50381411107372;38;184129.09346331432;136148.04159479405
650;400.0270991890307;124.71723333856191;35;218331.2662199899;57974.36375633054
651;285.6164373713028;121.85749315853045;6;261617.50056037598;118395.21963831606
652;446.89652053048263;237.4446593546133;74;218876.57502190294;133891.51871589085
653;277.05178207316106;157.06320087331414;9;197938.5959159475;4928.208047748421
654;475.90679116103496;351.8753151676893;18;293617.3190433244;66402.47735398934
655;315.4460986501135;112.68365254725794;65;291144.1152866832;135932.7517585089
656;139.20035336873417;54.61769464466372;76;219215.99698589763;24699.556699956323
657;229.12677343163128;98.22456249085181;52;240549.6878868574;33373.41020510089
658;171.8711223070924;70.82363341233975;23;270451.0458501382;235751.90258888932
659;265.58570642653103;109.63888951023695;94;285128.3306378768;114091.60465625684
660;466.97563008838426;119.3410545877132;99;260423.08063325105;160608.86473945391
661;390.7414162709483;131.42745941416635;96;245942.3562129754;234974.38508737503
662;54.9999392443113;27.083629449228532;99;243163.67524363654;176232.96056416503
663;449.85236965779376;250.26105322751525;65;267590.70418930135;94632.29236633905
664;209.61627153214303;102.69415743349761;36;253457.00548836548;70146.5391382574
665;27.926818013831664;20.51534320888745;99;260652.06550034985;19259.850411927007
666;209.84260678766643;130.6227330479317;66;291646.0287977959;208951.60723964826
667;256.35344384039985;192.08621982075488;44;180591.4786367208;34111.744504709335
668;30.169939863121694;21.108443851243294;28;217754.47680101398;45246.57699157781
669;314.2336007921836;177.85335445031544;60;267259.74295156944;168995.37299245983
670;498.47291383827667;274.11093298979534;30;270201.76203928154;265300.8693481087
671;47.36301783521423;27.18301798616977;85;291977.3356508996;206832.12418247407
672;279.29343719117827;124.48264134532934;21;215129.79138469973;124165.33064371762
673;417.6081813265763;246.71911800219124;19;287786.94902735966;246128.853392872
674;156.81902248286468;97.28798683055287;82;230001.12937188745;151529.69880807074
675;206.04770098657144;87.012499897643;80;207703.57456072306;45401.7207975082
676;162.51839853354275;42.31258484673317;43;284548.3554664862;180889.28567741
677;408.7760248744522;279.04012507229515;29;198717.28855482902;61057.72584344814
678;192.41493196123065;108.08775753505634;78;204811.8778225078;191238.56217135407
679;464.3003985040224;291.57088996436676;32;286867.2090981357;177931.14498148323
680;132.7400013597482;48.240746876840895;15;198577.04897952848;2267.3251243055543
681;391.6091570233275;273.9494018231179;20;284917.2038586681;6682.245391845048
682;457.762553461104;155.97702791964838;12;290329.37122665846;187131.4871868926
683;146.01359241886325;101.26060538897511;25;183591.70245952954;173221.933909262
684;365.8961744557369;94.51784982458767;42;276124.8082392044;69356.69928069331
685;270.6699318288727;147.1759629559394;25;230662.13247114958;5650.738437090421
686;434.04696146754196;299.42416846060024;16;249283.04928320195;109177.25209855867
687;95.69495771480774;60.30052014142452;96;223791.90705528227;16103.249227730194
688;43.413426541836756;29.67316604892997;47;273544.4650028534;14775.869607032608
689;358.4854212305838;267.26426024910035;7;248310.5781601394;30002.233057704467
690;459.7198409253815;124.47351729687432;93;237071.45683354995;236451.07032738184
691;221.32055377851663;102.00580419882992;65;287934.94695130456;124921.35060922567
692;192.27999957393018;52.884812771201254;21;185762.98783002264;71670.0833172491
693;404.3945132330534;160.414275750413;37;183616.3108416074;3882.598174270493
694;487.79361480258905;312.1819003983102;87;252085.97769635392;173569.9080350352
695;456.3625468562552;319.6870711413807;14;259936.53962189634;226456.8073276889
696;281.838095866037;119.86909023550905;38;239352.21031237885;159502.794148007
697;217.66955234671357;68.85041107143009;56;235189.0672896183;62329.60999698042
698;407.27953223467176;257.5208319272225;52;232635.7452850875;97969.05892021983
699;261.70823728787224;121.97501297620087;12;283189.82399249694;29698.48382954563
700;59.333028157461996;36.67966986586239;80;218472.93342669823;154479.78190467315
701;282.66612005844905;166.31663072211555;27;244107.63501022314;177471.38865831352
702;63.430272029050016;47.43478595809806;78;214783.5105634636;151368.7861376386
703;421.2162980800691;176.8005858756669;42;188453.32416991534;119044.1195951113
704;328.8145348972043;183.01105683450695;51;191527.8123105449;40802.60299262316
705;310.2267166870306;173.1809006365061;20;197097.27297192137;78174.42946683423
706;190.53883124398052;109.59922862784866;84;212757.68192314735;87259.84077219869
707;345.49978292877256;96.64700579027182;60;222306.39560232844;19738.086486487133
708;289.034776659243;73.0867963822898;24;224308.8058761782;126373.09995065426
709;277.0878924555915;73.97279213817355;18;284060.74659261515;230655.04658467928
710;312.31053597941053;131.77614224039533;4;212230.93775833043;201713.71914980406
711;414.9966410226272;273.5177801081425;24;177264.1581366717;99387.61847830245
712;146.1965223220317;85.26981190145852;80;193376.54391258844;99703.20943638137
713;28.195859217672556;8.893345871307451;62;263278.27067094605;66788.87860060805
714;194.48837590419018;73.17010352176307;96;259157.6943071346;174252.50303516537
715;310.4632020255849;79.28684529506111;46;198212.13227898435;143776.6866309798
716;16.412857532614616;10.816375446361292;28;224291.40044709283;121770.49805033053
717;8.800729511098668;3.974044338239547;9;293264.98490249785;119590.88602984107
718;168.74377883845793;105.03415028648459;97;202236.99376019958;16548.410752668555
719;420.5496588804792;175.73732377625933;98;239480.77404156234;197938.9102893042
720;159.53720118009184;116.58738009217815;56;254862.52357126615;156394.65968908835
721;19.058900953020814;7.456224691659853;62;281324.95387861744;139467.9982962283
722;298.8279371680359;83.63398822846004;28;262592.36912667897;227545.6239604536
723;217.45934409292224;132.18851978270848;29;218875.28183176037;208637.27317417169
724;464.55372774445874;242.24220658388222;25;234943.21932952898;43862.40404474693
725;46.81033479211081;17.69078108062948;26;292425.5860716087;65856.98725458143
726;73.58070946168375;35.92787456820838;5;270764.2133226406;63511.82231319837
727;325.0576326651015;178.10958347110508;1;224313.82542890156;107396.36008550834
728;331.65903799303754;184.99160140291207;35;235587.84705484423;48017.33728243487
729;257.27236422119194;161.65197169433543;26;216008.07026410138;101536.88096230863
730;327.6678917053914;127.06982307020705;89;264264.85620162333;22212.754785559584
731;221.97501757371072;145.86242671105708;38;222360.32888968632;39190.65260483678
732;216.62413642014124;63.667802608768994;49;275358.9262065582;202964.86517971373
733;441.852162032935;253.50354583431783;33;215558.67344056536;64847.84954731518
734;257.6806645084482;111.7154992435144;33;231906.13171416844;95924.80913193093
735;387.3957442093873;130.21748205286715;17;264594.9305604983;123729.12790615139
736;219.32324800632395;114.94612279912363;20;229631.6473309176;115270.48910876011
737;273.1539854110019;121.23899116163696;4;255634.64962403657;217593.3228902522
738;259.5445184219807;160.38713235320213;89;262765.739481809;99903.97097598622
739;165.75920392258516;53.17773394790512;18;181633.05414388818;10856.381232523856
740;454.8145183737123;157.99606932489584;65;278506.93422919966;146398.45061094372
741;163.33130355379475;55.20264311728447;84;253602.12072126498;179406.07293073027
742;197.46499949362052;80.66916112225394;90;185084.62089377356;170369.8260675414
743;60.52751571357367;24.016540401326772;30;284021.5608773748;152405.97103211147
744;345.3914403670908;253.36910130632296;29;272432.4136361598;45155.57949789719
745;301.67702893134316;204.96712559831042;4;247186.47996348928;241766.0753507371
746;200.27133040065115;107.53226457712331;71;241845.14661624524;139141.576949388
747;376.97393095960854;223.23842830886542;63;261251.4824049337;65579.28243494955
748;365.1006768005984;155.81009106799308;24;265742.7375737632;151014.47346682523
749;476.23423071774494;287.8562822811585;85;209352.44361250283;138764.3924369259
750;302.4671820848737;187.06352307397677;25;291078.15913711063;288284.47323940776
751;398.6727239569752;105.01563537973603;87;234910.6863226051;150330.44870323915
752;359.6477949529563;240.27660526040893;17;281756.81735629233;143783.27361351895
753;341.97507963541045;130.66443867455035;92;245499.37868842113;206188.13641826346
754;31.88159538605133;23.07491796197865;90;244566.20287061066;223129.47751445667
755;200.03445744000368;124.21804616774229;48;203132.99741009797;188456.71372564993
756;239.05919808360147;144.22018277732806;87;291112.34081610554;63356.90727848245
757;88.74972097444571;24.086876379792617;34;177182.36299090536;163465.43684336243
758;123.39787289972118;32.18158022482477;79;251577.60716064431;152076.4181420364
759;16.970912552074942;4.544594544552038;10;231848.13039776465;211355.75570530872
760;114.90148886471918;54.53723902238914;41;238243.26805735222;46668.81089258659
761;329.5351538522764;142.26942011885868;57;267342.4434308675;125623.83818276407
762;271.7302356154765;150.93287614746902;79;212288.07316897163;69064.33491199385
763;465.7291305817343;230.56520146186625;97;246176.83059949527;232099.5178203654
764;444.4900756381965;278.7164549149014;78;246332.2558415813;199943.52336265732
765;311.5926790071707;179.47036002067225;66;182509.01116359013;151498.91197246852
766;328.7285518442045;181.3152082860512;7;219018.2039796397;119827.82682687248
767;354.7849080086912;239.016029550091;95;272099.24012809154;241161.85040126453
768;256.27843369228333;158.98875481871644;6;235818.91414356738;97327.2807386398
769;75.14046955011425;44.88270632221616;30;195514.82276670486;87182.49585755261
770;387.2293441481488;182.67440349709867;97;207345.55633565286;22072.77327691897
771;167.0373579824937;60.73506336486312;12;193517.2954164251;187384.12425781193
772;167.7280586344014;91.35803091074354;5;248332.73039058765;55047.57240169705
773;393.89385039931403;151.32938619634515;39;182240.04046860384;63257.11734634458
774;110.16457457130443;51.71675260212657;74;186200.16044272366;156361.05996740045
775;168.85777678795736;117.60343820187067;39;216643.24772583717;92944.95221446405
776;335.79889798277196;183.31573415689036;41;255488.17993060022;157403.6131893748
777;140.84281938144773;73.27757476949384;86;254291.38834513462;158690.94965944765
778;143.73351989814157;72.88868607011463;9;186025.42392870164;127420.1661380243
779;348.7065743092042;250.61629241238901;19;261776.24564883474;207707.06476548646
780;115.57201888168765;69.05388982792905;30;193942.56795756868;65074.22664675166
781;39.1142246713079;27.48193395746624;97;247069.9783406464;226614.8940969186
782;297.19483155983323;203.9302418327155;13;262358.8378439002;49988.6933354524
783;453.56113856025235;122.40219180646599;23;292320.09754465416;59037.041551068105
784;70.04181583568753;21.618928452746488;53;194538.81039551817;12597.464038970034
785;147.69978772017518;60.252716373223805;69;191344.93704100762;125211.46329131744
786;126.19149064435263;50.66032120914358;78;236020.30406666896;83248.8315186272
787;116.09917284608646;83.04004115891324;94;235713.60505390298;59219.14423318439
788;24.357395317507248;8.29289393702211;33;263414.33008133655;129631.62686246171
789;35.648807350363874;20.951608634724476;41;232483.64403586867;189957.74496242506
790;382.5339783843722;149.78881267445828;79;234951.31560969824;3381.793369380466
791;82.74660576242165;21.00800091824064;57;261652.1389843825;156131.704807835
792;126.43484668579939;80.86452142027895;55;263390.9720310646;262329.08091198246
793;349.0036210215728;132.30644392987216;64;231459.84458589324;129370.21229214635
794;401.6707951999361;229.6056753473126;55;236614.47791086353;150402.1596134796
795;459.5633621216477;182.9464387606698;33;247216.81931765378;129968.31448424637
796;222.00706233794094;102.58122744876586;35;262627.43287807703;38876.15561875873
797;154.8768484210902;106.15001297963764;54;255379.24244708888;183446.742385581
798;489.50192765279274;219.16574644403397;81;220162.17343633238;75978.29205233692
799;61.52030222161935;37.46844347970213;94;217316.578954954;215121.27079894306
800;19.56553858608737;12.124825869313993;86;241479.6447088087;36448.3762115903
801;271.7312886696998;196.83364045771535;39;182832.9304181255;95395.22047525803
802;278.2361043186182;203.02964365579555;53;287231.7997083858;78737.0143545312
803;449.95698270105976;193.9417546880145;63;265363.52645585267;197060.3608802675
804;395.7452820452022;145.6906153591987;24;196410.42291111645;87043.03460780566
805;403.5820951361371;251.35482552989293;45;186660.1268370073;82080.34497239554
806;297.52209789696184;179.80405381807986;88;232049.35205419367;25913.05540150388
807;126.70468504843282;70.06458018873413;58;205583.04082482238;107497.41753181769
808;481.62816572768315;242.04401004717457;31;282600.26286687475;110816.67088934223
809;397.7654970421807;280.3088398206503;55;275289.30213391664;270391.4099121078
810;474.3796285552328;153.70948570232167;35;239749.28220589235;76579.84899617374
811;441.807594716802;196.3237698679464;50;185768.11969540457;182672.64404008197
812;198.87437550919591;111.70793302079598;12;193078.7761554623;151611.86561074658
813;352.4217578507251;156.61636868621486;6;272591.08845309017;207200.04690427118
814;25.496582734604434;17.904070108351156;44;178125.24071627387;9103.23269353365
815;455.2624049891661;241.4963061134039;29;266120.1528562638;36003.25355275147
816;179.91181548658273;106.0009155979692;28;289498.6515607197;37216.30533954173
817;496.70406747780123;367.56788598544546;86;221322.16100151464;39294.83627237642
818;293.41866556158647;208.21758098307365;2;209930.8046478009;87707.51890642758
819;203.54043826909722;66.15052047011886;72;220595.39165664592;6231.944603692332
820;66.44271137731849;17.33943821263105;84;212977.70304239495;70145.705959882
821;119.58163523040261;59.820489483127645;6;276730.61691464786;10358.73713141701
822;356.521702831282;118.9463328966868;29;213902.35987426993;89796.55258106491
823;139.89092417695772;90.73531351461031;68;286581.80751806713;279752.5359950838
824;480.85463926663346;299.7947870239949;11;210486.00236593932;183143.53269249434
825;204.24922361802655;145.99885302307803;25;207584.5114718516;88373.44821701372
826;331.0025908800911;195.6295440393797;57;271774.8316442124;17617.301546073104
827;476.45975676816056;198.50220192570183;23;253745.25970900792;144232.35142480725
828;27.813492397612464;13.671781075419581;28;243557.9601810926;116758.97557575868
829;207.72432719070815;57.52415622437456;97;190338.93646953342;174507.82718728247
830;291.6984275850892;123.08241761491666;64;259985.66795933284;144212.41320681933
831;318.8840320434272;222.37729970014036;1;294310.31250463164;185623.15606046532
832;315.36271948876066;234.96567107008144;71;247143.27885801156;83727.19553937207
833;475.1423912501535;218.77325463001674;55;206942.02396363553;5580.6296609185365
834;483.73157616703605;335.8764962069879;47;207029.7836201995;139862.57902752413
835;228.68698106030493;90.76026442948168;45;198367.09182809127;68688.4095689613
836;207.39339531062546;152.95309146891617;73;177344.0827022026;55425.308419959256
837;152.1688359886749;53.87786934964995;11;209368.04380833247;1840.165172166707
838;440.4899212148297;274.7886707404898;76;277911.75921892584;256611.33139849972
839;148.60005355410846;47.079827676553144;24;186769.5121083285;150642.51404711563
840;277.6006869164153;134.5226729428754;60;250061.8962752989;45941.70340856483
841;344.4027707978446;102.83349833884839;22;211090.61801382335;55034.28265972316
842;438.9124546780538;311.99332291776017;26;214855.11131594333;25578.292679257087
843;319.7414277874967;154.07408146097333;64;180019.72265094923;58457.583207714546
844;241.95748249386256;147.58698441199655;96;275891.0988315961;47109.89968476139
845;133.44830451794783;76.0764159674214;46;183289.81607092058;102690.47412258535
846;309.2959453624157;134.46913200656894;63;229119.00768904432;25613.80485770726
847;344.38047474577013;88.89370513740413;54;268028.0983607662;137434.70693492258
848;325.9825693710586;169.53672903205276;41;197472.65611964872;152917.01125476425
849;465.31158909454575;279.70403390133356;85;264862.5597694101;119618.0556643025
850;136.01978569980335;61.816231403434685;45;222449.86892936856;178573.59201801074
851;292.705249710463;104.60420739673386;14;256537.42670440522;59248.294757901065
852;357.0918433563926;197.9077347523041;63;196648.61606031144;97123.67174964039
853;389.11757267900447;282.6512501115323;59;182111.23605831165;157871.5136269021
854;423.3461035842949;160.9577920627944;59;236800.10372306022;47473.28392364798
855;236.05446388758037;170.6556713474061;55;186066.69171578754;123226.24828153603
856;493.64291078578145;147.34482166255623;5;250376.72933054052;195252.4333390668
857;439.854997111851;308.91079363475785;63;196714.2640164837;20654.87140233827
858;177.85559918729248;63.984945095078025;2;289559.1668717671;38873.819572040644
859;323.0563131335202;203.6932348462906;48;225354.5878016967;113580.0516823742
860;354.0052317669176;184.20755304443998;95;202450.615469449;193848.71319921128
861;336.04080324682275;137.8759685865761;75;216307.11659040843;73624.43656615805
862;480.4705382792139;146.7640653815887;49;231511.01615480322;125006.16694348428
863;321.1508887986951;238.3625960104947;64;212001.11469379032;86226.96149799689
864;40.79856208489703;15.955539171699778;81;260179.8596874776;57795.64884431243
865;358.9607602347425;249.94296806348672;78;178101.69372248108;34208.66577459516
866;184.7150218154643;97.82031604648417;28;183218.18132988192;85695.39260336178
867;477.7610043887645;220.8027302976394;74;230700.3660281927;144719.92340925333
868;435.1444555922057;289.05061949189826;35;193974.7230145964;107022.26194727304
869;111.29369832390233;50.652433712403514;25;231645.8689663975;190079.76803817862
870;101.33608556508142;43.48923271096718;91;249755.7562123643;77054.2944819416
871;400.71247281217893;247.5888561958054;39;239133.99063132252;75506.86472031595
872;308.7410436092744;192.34810710715496;57;253149.09229562507;75795.79420176113
873;35.07958710665243;10.198460717064307;74;289219.63497901283;154971.86415372495
874;494.9174394894516;361.4121018234234;43;269919.4243646092;15761.309596687172
875;83.96508240122526;37.30715678808636;97;214067.54835621273;126640.05966042196
876;33.57019751156385;9.429455843792192;50;246933.57140267018;145738.61626344777
877;352.84801506336424;189.55595983849693;32;208377.4615890211;202730.86457586856
878;478.3573132667215;168.80806350299017;81;230387.94752362213;32903.95404317062
879;103.87856550362443;73.42919477729919;68;177230.72770966453;140920.4883076682
880;434.6359374658414;137.63243555510422;12;213256.54143219584;152043.30773943965
881;419.30982156851934;218.82587988811517;91;211684.99099520687;169544.93657948697
882;328.27560548510536;119.79910214040105;21;272117.1972267937;231783.41877005278
883;396.116671561025;246.1980195695615;33;286763.6642942027;66450.65739563617
884;486.58710843875105;127.03452656889074;90;177233.21332015074;18477.60001805935
885;161.42323543186092;40.67948937521157;76;230474.8492307334;28128.37850178905
886;228.53552652499874;168.20991241531635;13;221459.99809932784;148565.46284297784
887;148.43729063410512;89.66773385932498;84;260615.42778508711;54921.72018989147
888;205.06070382268206;88.94141949707969;77;198022.4406114823;26740.867675229863
889;490.32296315878045;198.76932562500812;49;256769.41017598854;144651.23808481003
890;297.27625791305906;200.16799858705866;40;240347.71870675695;74083.96020600465
891;13.352186358958265;6.207721473808762;19;229081.2536381424;165815.1125830849
892;204.92700938547884;57.03396315022756;68;223868.3920632131;205265.48716926188
893;238.4312849856603;65.54614343361031;18;270591.53987526934;60454.910997816405
894;140.95134474299567;45.42814877533826;13;214032.30553625105;89048.94980473389
895;247.23415938365648;115.25491825688559;67;260070.74377864855;25586.28994758861
896;263.9814335164354;180.38920872794196;98;223555.3164255268;15923.372637059276
897;474.40772606804813;141.09071079227735;69;197294.60665698635;5260.854762455729
898;284.38662143469946;187.82654323389806;27;190277.35728540618;1613.9156896596046
899;90.5071277561168;58.65292325853912;78;242199.9116662738;137515.3309049915
900;23.484948474969784;7.5443820395980135;54;215495.77041244833;46384.11619813367
901;103.23327888972103;53.7924420409832;0;195670.18141988706;86362.28300912702
902;16.6016608166806;7.766829951974417;15;267716.6236408502;168628.02604493688
903;179.3818559264055;51.2800462511902;24;249931.59672464387;140414.10094438464
904;92.15978481672674;29.602837596555574;83;250733.53525768837;135218.76006448577
905;21.250194562363994;14.04654266525354;97;250562.12359331836;42830.11534936085
906;348.0216277241751;113.31651452520312;68;285522.71784389985;40690.5311319149
907;148.87722458537976;101.91309524277418;69;221642.3957433814;124663.41230890962
908;485.14736535638315;229.65442505656756;88;213977.15254716403;19377.598902056612
909;207.64169026302204;126.19154443198987;62;234536.38076515662;167497.17278882884
910;180.12507873596746;117.1097217908056;80;181681.06104246384;66815.85864987875
911;402.69640592412316;210.81119030558955;26;287403.20044300565;596.0467183754766
912;496.15109256763316;210.43317177483814;99;221832.70138207925;79200.94594094144
913;257.08760706056074;176.3921845067358;99;274984.1771306927;204914.60366365802
914;16.41142672806199;9.21843224287425;55;240559.57214206227;21435.087320301893
915;271.3650248341806;84.56827266335456;57;260604.3818599842;23008.79711682566
916;247.23584891978834;154.77624526629253;81;258385.39775091666;89751.49375086433
917;201.06591509157226;71.04757940600781;98;261813.9174514466;206539.10455504272
918;232.00517039540912;129.21689605568108;36;267167.6732778085;10964.738269853793
919;150.4940287137576;52.3305000958428;13;189924.9135348642;6596.050551099173
920;318.604785117753;101.35237515772691;10;240204.88275879138;148914.5632487085
921;121.2562478341282;65.9685901847706;26;241110.95865673278;210327.62643820126
922;188.4194611967134;85.98663514609224;43;186226.8966494489;119607.82484335452
923;384.8664528536164;254.88042272451233;71;271018.10065422335;97239.70288485558
924;208.41916118110734;53.02924512743894;79;261357.93345763013;244487.30370546505
925;404.44411502770004;219.26389472465016;32;190441.72857265768;14937.782832313456
926;344.7192981634877;86.2432693501447;96;266054.40971141943;28442.930376120356
927;425.08538962500296;236.00400040317197;39;250868.3554414034;101048.18085651503
928;280.70633386830747;178.5753691157688;45;186322.1819346101;107904.91300990028
929;245.51961498798713;109.04368001307428;57;268304.5252454848;142283.2127954593
930;415.2704461942344;156.04128421493724;79;275402.2118358315;10743.361169327653
931;221.52324378160245;150.82037709509476;30;280259.6736599152;268406.8286753699
932;308.02333316267936;146.71256401718634;56;228308.22956466602;37347.96980242371
933;392.38656862594695;249.57631644140184;55;252711.94045136386;217039.3334721174
934;125.60130872321365;92.90471580881704;90;282003.69057875004;77646.11017815491
935;11.634422551573005;7.555595492027557;85;225472.92137392407;11992.555740497633
936;335.7720994913208;134.95121107237057;65;261860.01575738052;198720.63519331536
937;378.49575253057276;123.09946074335792;12;264398.75723357423;72984.99632754615
938;456.600610461448;218.04283679275338;86;290253.4161300323;30489.855304917906
939;411.52553753267716;109.34038333572448;67;216546.30079278687;52306.62640208729
940;26.011866956564976;17.76369302828102;82;221991.52004676798;101431.43448262897
941;134.6136263573268;78.65356384209072;71;215243.7921234456;122379.45242158425
942;282.0315488345046;205.06032243022793;93;253180.96551261263;233707.9862407229
943;262.15763629968114;191.9723695604239;66;253420.70277269962;135340.90201822098
944;489.5875850945729;176.82596905258822;4;242697.57933454448;222878.61518466036
945;244.02013944352942;70.12995873325497;14;229124.26719502892;203838.2321159174
946;497.20536047960826;304.70663759302516;53;213331.005673193;27600.319139505238
947;366.7078564038;267.3404439843171;68;186414.99835467123;148353.50014069784
948;349.07300700881905;240.17964227395055;28;267134.14603334194;65981.00273584202
949;430.9607585260045;146.54317414808506;49;229370.4476665039;128932.91298856768
950;308.98997299500553;223.56482990372444;46;179990.7973046622;39944.296462721795
951;403.4720128301446;272.0003135385551;98;199119.67068892735;3552.1173581254934
952;419.9008055571671;224.64214299721755;91;225594.57210178312;57987.38149022457
953;19.18610454337098;8.447396653582437;26;288035.5230164182;245324.36002037182
954;372.25227608940236;268.95985917520994;66;274025.7615495791;26188.42565562285
955;27.344983031816568;14.937471720972848;11;260299.41609744568;198748.82086307486
956;257.19502963263665;180.94836561894732;22;291229.5575747774;173727.22156014806
957;81.93159527414429;20.573302082660177;96;237993.0910390014;227456.4008806451
958;134.6184608521694;97.51774495531572;75;267716.8429876106;242742.95087581803
959;444.3624507918485;287.24087818297977;93;222556.97358420253;143570.99646435957
960;64.51665719345434;18.521148181484044;74;194446.51316212787;78323.54067251334
961;325.4155601905769;162.14763571007347;62;276299.88886587764;74570.4965419185
962;294.3666418061981;195.97872754716505;24;184362.4563261696;144014.4327803325
963;198.94775401816517;84.99231809690394;22;266223.46525866725;202327.60730612022
964;69.07984346021043;17.719393997186863;89;210421.56524177603;71124.72079206804
965;395.2645083828229;172.95707619457266;15;232992.9077832931;153771.28457327434
966;119.34841669460553;86.8809107278458;33;228651.03931590667;19606.842783944994
967;145.49759319355408;59.96554060357783;8;189202.0312511025;3174.0015266811533
968;395.74387773195474;281.1515070125948;7;182527.9436041445;129336.72920197541
969;202.44863527709322;88.17286159665986;44;188531.79334997485;53209.30910542935
970;61.68800733541848;20.209629200673803;9;234301.713706756;140033.222732258
971;395.6760043018868;172.24949195564542;53;285077.51403766836;156269.6019737376
972;77.02481046313092;38.803515271499414;32;289061.13463288604;201102.92684645552
973;107.70603678212856;80.69071621983252;15;234954.17647085106;214497.1570410698
974;355.1966084174919;253.39744267839413;18;263005.4379741458;31723.6753153835
975;313.9256799534405;143.3110215059381;81;259263.5148946534;230724.48809210796
976;198.61184051278667;126.89325206619894;35;280014.3399202714;93059.89892085013
977;413.18221466995305;184.4042808239291;80;244670.88389748026;80503.40346857274
978;368.299491691984;234.80102430804666;98;199928.13738449995;38441.03928139802
979;123.11592453112597;74.27757149834896;25;244304.61147199615;235723.5747024788
980;74.42243438167216;41.572634056057005;24;230036.75664507414;189554.65531540554
981;492.3043921196407;303.98059622048726;24;215034.86913138046;154389.2575920235
982;377.139005224453;246.7206705471864;68;260404.95682934677;38760.280482051814
983;197.49278837370957;64.73278303848844;55;277055.5413286891;11059.261075876717
984;256.10354429300105;170.9721162860333;77;276524.4251863675;68780.0247378369
985;6.66567493886607;2.191172473734279;76;196816.43852570027;165764.93395781567
986;295.0586023658799;125.29667106231177;61;181637.18111618393;72512.80425190603
987;206.2642603917347;150.96225432437342;37;202302.9268940465;17592.454010646896
988;474.69504047508013;254.0838081157193;80;240940.99466253427;129045.76388796246
989;12.530103887280895;4.664945521922542;3;277735.5421738469;272871.0388526934
990;73.86739449396269;23.564251565975443;83;293309.5250797606;279496.4139796206
991;425.4693390548246;279.7132326454253;67;274618.4120799282;136493.08228704688
992;461.2177173600277;174.33090825940252;28;275786.1010176139;21312.748380900102
993;73.43381622904892;36.3993378656148;97;257406.83423937726;101746.99619849875
994;66.29413861052073;20.58138474563006;96;275794.0305232415;266870.5618196088
995;242.3664624981919;87.38619497920072;52;271528.2953972409;228957.93241025176
996;66.17277341941251;34.68303567986841;7;245090.20264611382;191296.63823550366
997;233.90473682834505;163.0802826610829;26;200847.68137500391;130389.71914682881
998;441.377665098555;134.5100394507446;72;185104.12605016574;75349.85177042116
999;175.5768723180312;77.60349432546853;66;262715.977827622;167686.05204921647
